OBJECTID,SEPRID,SEPRTYPE,STATEDAREA,SEPRTYPE2,created_user,created_date,last_edited_user,last_edited_date,Shape__Area,Shape__Length
1,1809413006,Air Right,0.469,10,,,AANDREWS,2018-07-13T19:56:44.000Z,20410.1354980469,573.356126326521
2,1809209026,Air Right,0.941,10,,,AANDREWS,2018-07-13T19:56:44.000Z,40971.9985351563,814.342710239674
3,1928701001,Mineral Right,160,10,,,AANDREWS,2018-07-13T19:56:44.000Z,7234653.29614258,10759.5933211267
4,1927701001,Mineral Right,159,10,,,AANDREWS,2018-07-13T19:56:44.000Z,7016380.59350586,10629.9504306628
5,1926701001,Mineral Right,40,10,,,AANDREWS,2018-07-13T19:56:44.000Z,1763852.34790039,5312.52308788914
6,2030701001,Mineral Right,111.5,10,,,AANDREWS,2018-07-13T19:56:44.000Z,4855791.15478516,12594.7389693825
7,1930701003,Mineral Right,40,10,,,AANDREWS,2018-07-13T19:56:44.000Z,1813336.43481445,5387.00893935095
8,1930701005,Mineral Right,40,10,,,AANDREWS,2018-07-13T19:56:44.000Z,1841198.37841797,5428.17784648007
9,1926701002,Mineral Right,40.56 a,10,,,AANDREWS,2018-07-13T19:56:44.000Z,1766839.703125,5317.27407684772
10,1929701001,Mineral Right,80,10,,,AANDREWS,2018-07-13T19:56:44.000Z,3629962.86694336,8065.70873038125
11,1928701002,Mineral Right,80,10,,,AANDREWS,2018-07-13T19:56:44.000Z,3608776.41796875,8035.93875637477
12,1927701003,Mineral Right,19,10,,,AANDREWS,2018-07-13T19:56:44.000Z,826310.547363281,4203.43289534106
13,1927701004,Mineral Right,145,10,,,AANDREWS,2018-07-13T19:56:44.000Z,6326438.73364258,11053.5318446183
14,1930701001,Mineral Right,80,10,,,AANDREWS,2018-07-13T19:56:44.000Z,3701492.87573242,8149.61281818718
15,1927701002,Mineral Right,80,10,,,AANDREWS,2018-07-13T19:56:44.000Z,3593864.0378418,8052.45059487685
16,1926701004,Mineral Right,20,10,,,AANDREWS,2018-07-13T19:56:44.000Z,893486.286621094,4000.36157620832
17,1926701003,Mineral Right,80,10,,,AANDREWS,2018-07-13T19:56:44.000Z,3589582.82299805,8047.71153567316
18,1925701001,Mineral Right,429.8 a,10,,,AANDREWS,2018-07-13T19:56:44.000Z,18656385.7702637,23628.8775638492
19,1922701010,Mineral Right,30,10,,,AANDREWS,2018-07-13T19:56:44.000Z,1330200.66601563,4667.31010696302
20,1922701004,Mineral Right,40,10,,,AANDREWS,2018-07-13T19:56:44.000Z,1779208.3269043,5335.51067903339
21,1923701006,Mineral Right,80,10,,,AANDREWS,2018-07-13T19:56:44.000Z,3558730.22900391,8022.44794774963
22,1922701011,Mineral Right,5,10,,,AANDREWS,2018-07-13T19:56:44.000Z,219921.590820313,2995.72536102299
23,1921701009,Mineral Right,160,10,,,AANDREWS,2018-07-13T19:56:44.000Z,7220223.32763672,10745.1407631599
24,1920701008,Mineral Right,41,10,,,AANDREWS,2018-07-13T19:56:44.000Z,3054677.47460938,7366.39297368657
25,1921701008,Mineral Right,80,10,,,AANDREWS,2018-07-13T19:56:44.000Z,3705164.43847656,8137.58435996141
26,1922701006,Mineral Right,80,10,,,AANDREWS,2018-07-13T19:56:44.000Z,3517897.50708008,7954.5852975
27,1920701006,Mineral Right,60,10,,,AANDREWS,2018-07-13T19:56:44.000Z,2292201.75927734,6277.88044175623
28,1922701008,Mineral Right,80,10,,,AANDREWS,2018-07-13T19:56:44.000Z,3559189.04199219,7984.99162321912
29,1919701010,Mineral Right,80,10,,,AANDREWS,2018-07-13T19:56:44.000Z,3607493.18481445,8037.07004676789
30,1920701002,Mineral Right,160,10,,,AANDREWS,2018-07-13T19:56:44.000Z,7339839.16333008,10837.0784672647
31,1919701007,Mineral Right,160,10,,,AANDREWS,2018-07-13T19:56:44.000Z,7266465.13183594,10783.2202170258
32,1923701003,Mineral Right,40,10,,,AANDREWS,2019-03-11T15:02:17.000Z,1775500.06665039,5330.32364127799
33,1924701001,Mineral Right,40,10,,,AANDREWS,2018-07-13T19:56:44.000Z,1744298.34985352,5283.58300318881
34,1924701002,Mineral Right,160,10,,,AANDREWS,2018-07-13T19:56:44.000Z,7113113.41772461,10669.2004456234
35,1923701007,Mineral Right,160,10,,,AANDREWS,2018-07-13T19:56:44.000Z,7138200.36254883,10687.3181132492
36,1924701005,Mineral Right,120,10,,,AANDREWS,2018-07-13T19:56:44.000Z,5286599.81298828,10620.3760184232
37,1923701005,Mineral Right,11.34,10,,,AANDREWS,2018-07-13T19:56:44.000Z,494163.585205078,5784.09981483133
38,1922701003,Mineral Right,10,10,,,AANDREWS,2018-07-13T19:56:44.000Z,519873.482177734,5132.36384243778
39,1924701004,Mineral Right,16.5,10,,,AANDREWS,2018-07-13T19:56:44.000Z,718200.623046875,5783.56273572412
40,1919701009,Mineral Right,10,10,,,AANDREWS,2018-07-13T19:56:44.000Z,437015.309814453,3501.239814931
41,1920701003,Mineral Right,20,10,,,AANDREWS,2018-07-13T19:56:44.000Z,912663.061279297,4050.23930236206
42,1919701004,Mineral Right,21.27,10,,,AANDREWS,2018-07-13T19:56:44.000Z,930180.526367188,4090.73519808406
43,1919701003,Mineral Right,21.28,10,,,AANDREWS,2018-07-13T19:56:44.000Z,921962.160888672,4084.19992001774
44,1924701003,Mineral Right,24.5,10,,,AANDREWS,2018-07-13T19:56:44.000Z,1072855.50415039,4432.97994121321
45,2019701001,Mineral Right,43.33,10,,,AANDREWS,2018-07-13T19:56:44.000Z,1883226.81494141,5782.9967666838
46,1921701003,Mineral Right,80,10,,,AANDREWS,2018-07-13T19:56:44.000Z,3626853.6730957,8106.57103368918
47,1922701013,Mineral Right,17,10,,,AANDREWS,2018-07-13T19:56:44.000Z,738680.854248047,3705.59799937191
48,1922701001,Mineral Right,40,10,,,AANDREWS,2018-07-13T19:56:44.000Z,1770903.27783203,5323.0411597882
49,1921701007,Mineral Right,20,10,,,AANDREWS,2018-10-15T21:03:56.000Z,882639.983398438,3995.63358769324
50,1922701012,Mineral Right,23,10,,,AANDREWS,2018-07-13T19:56:44.000Z,1025090.46118164,6476.0150326047
51,1921701005,Mineral Right,80,10,,,AANDREWS,2018-10-15T21:03:56.000Z,3600416.72094727,8054.93220252814
52,1921701001,Mineral Right,15,10,,,AANDREWS,2018-07-13T19:56:44.000Z,655572.740234375,3638.8322408367
53,1919701001,Mineral Right,34,10,,,AANDREWS,2018-07-13T19:56:44.000Z,1519714.70336914,6718.1648029667
54,1923701001,Mineral Right,74.3,10,,,AANDREWS,2018-07-13T19:56:44.000Z,3435212.88867188,7985.27053110738
55,1920701001,Mineral Right,160,10,,,AANDREWS,2018-07-13T19:56:44.000Z,7241379.80859375,10764.1529790654
56,1919701005,Mineral Right,125,10,,,AANDREWS,2018-07-13T19:56:44.000Z,5532556.43139648,9489.9463116452
57,1916701008,Mineral Right,40,10,,,AANDREWS,2018-07-13T19:56:44.000Z,1763438.83837891,5312.1045704899
58,1916701004,Mineral Right,20,10,,,AANDREWS,2018-07-13T19:56:44.000Z,908961.157714844,4026.57153874465
59,1916701002,Mineral Right,40,10,,,AANDREWS,2018-07-13T19:56:44.000Z,1781403.75610352,5338.81906002028
60,1915701011,Mineral Right,40,10,,,AANDREWS,2019-03-07T17:00:40.000Z,1775358.83056641,5330.08690718578
61,1914701005,Mineral Right,40,10,,,AANDREWS,2019-03-07T17:00:40.000Z,1798430.14672852,5364.86988187841
62,1914701006,Mineral Right,40,10,,,AANDREWS,2018-07-13T19:56:44.000Z,1797814.36816406,5363.88814039106
63,1916701005,Mineral Right,40,10,,,AANDREWS,2018-07-13T19:56:44.000Z,1760374.45410156,5307.48917278386
64,1915701007,Mineral Right,160,10,,,AANDREWS,2018-07-13T19:56:44.000Z,7098271.04272461,10657.0593048154
65,1915701009,Mineral Right,80,10,,,AANDREWS,2018-07-13T19:56:44.000Z,3573387.98217773,8007.99396197307
66,1916701001,Mineral Right,80,10,,,AANDREWS,2018-07-13T19:56:44.000Z,3575643.52368164,8022.10179086314
67,1918701005,Mineral Right,80,10,,,AANDREWS,2018-07-13T19:56:44.000Z,3725773.55175781,8132.92442001929
68,1918701004,Mineral Right,80,10,,,AANDREWS,2018-07-13T19:56:44.000Z,3743103.69628906,8144.26918379901
69,1913701002,Mineral Right,75,10,,,AANDREWS,2018-07-13T19:56:44.000Z,3508037.91137695,7936.40460643571
70,2017701005,Mineral Right,159,10,,,AANDREWS,2018-07-13T19:56:44.000Z,6805084.4206543,10438.0675932647
71,2015701001,Mineral Right,30,10,,,AANDREWS,2018-07-13T19:56:44.000Z,1840580.4543457,5833.21364857677
72,2018701003,Mineral Right,40,10,,,AANDREWS,2018-07-13T19:56:44.000Z,1747672.72607422,6611.20940701633
73,2018701004,Mineral Right,40,10,,,AANDREWS,2018-07-13T19:56:44.000Z,1732829.37670898,6603.12874974827
74,2017701004,Mineral Right,79.17,10,,,AANDREWS,2018-07-13T19:56:44.000Z,6879773.28540039,10487.5112278349
75,1915701005,Mineral Right,40,10,,,AANDREWS,2018-07-13T19:56:44.000Z,1796989.203125,5362.21974619352
76,1916701006,Mineral Right,20,10,,,AANDREWS,2018-07-13T19:56:44.000Z,894280.182373047,4001.71527679057
77,1914701004,Mineral Right,80,10,,,AANDREWS,2019-05-01T13:48:36.000Z,3516663.58569336,7973.56609018048
78,1913701001,Mineral Right,40,10,,,AANDREWS,2018-07-13T19:56:44.000Z,1812055.3269043,5390.47276365074
79,1915701001,Mineral Right,80,10,,,AANDREWS,2018-07-13T19:56:44.000Z,3533810.80419922,7975.52649916377
80,1916701007,Mineral Right,20,10,,,AANDREWS,2018-07-13T19:56:44.000Z,877909.874755859,3980.77063910354
81,1915701003,Mineral Right,40,10,,,AANDREWS,2018-07-13T19:56:44.000Z,1788811.86547852,5350.06384062562
82,1914701001,Mineral Right,80,10,,,AANDREWS,2018-07-13T19:56:44.000Z,3541473.42749023,8003.27898862988
83,2016701001,Mineral Right,80,10,,,AANDREWS,2018-07-13T19:56:44.000Z,3507737.45874023,7904.95824795761
84,2017701003,Mineral Right,8,10,,,AANDREWS,2018-07-13T19:56:44.000Z,345259.096679688,5495.22807458796
85,2016701002,Mineral Right,33.4,10,,,AANDREWS,2019-04-10T16:48:55.000Z,1367785.38574219,4770.55530310474
86,1914701003,Mineral Right,40,10,,,AANDREWS,2018-07-13T19:56:44.000Z,1754845.73754883,5299.41276598746
87,1918701001,Mineral Right,80,10,,,AANDREWS,2018-07-13T19:56:44.000Z,3784914.8293457,8182.45349581268
88,2017701002,Mineral Right,152,10,,,AANDREWS,2018-07-13T19:56:44.000Z,6411693.22875977,10170.1570209073
89,1918701002,Mineral Right,160,10,,,AANDREWS,2018-07-13T19:56:44.000Z,7081722.23510742,10645.918900324
90,1917701001,Mineral Right,160,10,,,AANDREWS,2018-07-13T19:56:44.000Z,7178966.40844727,10717.6150063387
91,2018701002,Mineral Right,2,10,,,AANDREWS,2018-07-13T19:56:44.000Z,13842132.2612305,15783.8027174018
92,2017701001,Mineral Right,158,10,,,AANDREWS,2018-07-13T19:56:44.000Z,6903005.18676758,10484.5936478643
93,1912701004,Mineral Right,40,10,,,AANDREWS,2018-07-13T19:56:44.000Z,1756607.7265625,5348.96467323095
94,1910701011,Mineral Right,40,10,,,AANDREWS,2018-07-13T19:56:44.000Z,1799441.64135742,5365.94533109004
95,1909701009,Mineral Right,40,10,,,AANDREWS,2018-07-13T19:56:44.000Z,1805758.83837891,5375.49559082676
96,2008701010,Mineral Right,40,10,,,AANDREWS,2018-07-13T19:56:44.000Z,1695477.84765625,5210.70914439048
97,1908701007,Mineral Right,80,10,,,AANDREWS,2018-07-13T19:56:44.000Z,3543369.0637207,8000.5224878833
98,2009701011,Mineral Right,40,10,,,AANDREWS,2018-07-13T19:56:44.000Z,1769445.58642578,5321.22811897714
99,2008701007,Mineral Right,23.508,10,,,AANDREWS,2018-07-13T19:56:44.000Z,996218.407226563,4298.54937190025
100,2008701008,Mineral Right,3.94,10,,,AANDREWS,2018-07-13T19:56:44.000Z,171599.089111328,1659.99571943902
101,2009701005,Mineral Right,39.5,10,,,AANDREWS,2018-07-13T19:56:44.000Z,1774532.09179688,5328.80602967292
102,1910701013,Mineral Right,40,10,,,AANDREWS,2018-07-13T19:56:44.000Z,1800961.98193359,5370.28350650006
103,1910701012,Mineral Right,40,10,,,AANDREWS,2018-07-13T19:56:44.000Z,1810743.17285156,5380.2514270566
104,2009701006,Mineral Right,40,10,,,AANDREWS,2018-07-13T19:56:44.000Z,1772933.99926758,5326.43012418483
105,1909701011,Mineral Right,40,10,,,AANDREWS,2018-07-13T19:56:44.000Z,1827951.91674805,5408.27311158667
106,1909701007,Mineral Right,80,10,,,AANDREWS,2018-07-13T19:56:44.000Z,3587894.83544922,8041.54130513383
107,2009701007,Mineral Right,80,10,,,AANDREWS,2019-04-10T16:48:55.000Z,3556507.50024414,8002.88628608867
108,1910701010,Mineral Right,80,10,,,AANDREWS,2018-07-13T19:56:44.000Z,3597154.74902344,8043.23152117112
109,2010701001,Mineral Right,2.104,10,,,AANDREWS,2018-07-13T19:56:44.000Z,1582800.69848633,5175.93708846242
110,2009701010,Mineral Right,40,10,,,AANDREWS,2018-07-13T19:56:44.000Z,1757831.45532227,5303.97675840244
111,2008701006,Mineral Right,80,10,,,AANDREWS,2018-07-13T19:56:44.000Z,3436894.53613281,7843.91973887867
112,1908701008,Mineral Right,80,10,,,AANDREWS,2018-07-13T19:56:44.000Z,3569017.3371582,8015.23705490545
113,2007701003,Mineral Right,160,10,,,AANDREWS,2018-07-13T19:56:44.000Z,7033336.59594727,10616.3744890496
114,1911701005,Mineral Right,40,10,,,AANDREWS,2018-07-13T19:56:44.000Z,1813426.92285156,5386.82672857788
115,1912701003,Mineral Right,120,10,,,AANDREWS,2018-07-13T19:56:44.000Z,5356282.93188477,10671.7141228496
116,2008701009,Mineral Right,50,10,,,AANDREWS,2018-07-13T19:56:44.000Z,2184486.34741211,6669.64421971364
117,1908701005,Mineral Right,40,10,,,AANDREWS,2018-07-13T19:56:44.000Z,1784700.17871094,5343.88026641685
118,2007701005,Mineral Right,158,10,,,AANDREWS,2018-07-13T19:56:44.000Z,6910529.91162109,10509.2889801906
119,1907701005,Mineral Right,40,10,,,AANDREWS,2018-07-13T19:56:44.000Z,1890783.94677734,5502.13357935708
120,1907701007,Mineral Right,25,10,,,AANDREWS,2018-07-13T19:56:44.000Z,7015337.93310547,10622.2136115485
121,1912701005,Mineral Right,40,10,,,AANDREWS,2018-07-13T19:56:44.000Z,1766555.32373047,5317.01014189978
122,1908701010,Mineral Right,5,10,,,AANDREWS,2018-07-13T19:56:44.000Z,246597.066162109,3036.85001228305
123,2009701004,Mineral Right,20,10,,,AANDREWS,2018-07-13T19:56:44.000Z,896955.680664063,3952.30469458779
124,1910701009,Mineral Right,25,10,,,AANDREWS,2018-07-13T19:56:44.000Z,1116286.21630859,4336.52159809896
125,2009701009,Mineral Right,30,10,,,AANDREWS,2018-07-13T19:56:44.000Z,1322417.29418945,4658.04217668062
126,2007701002,Mineral Right,80,10,,,AANDREWS,2018-07-13T19:56:44.000Z,3472138.86328125,7923.57779226589
127,1908701003,Mineral Right,40,10,,,AANDREWS,2018-07-13T19:56:44.000Z,1748894.58374023,5290.11138982916
128,1910701008,Mineral Right,11,10,,,AANDREWS,2018-07-13T19:56:44.000Z,481488.305908203,2931.28024819729
129,1910701003,Mineral Right,40,10,,,AANDREWS,2018-07-13T19:56:44.000Z,1808185.36914063,5379.01000401065
130,1910701007,Mineral Right,28,10,,,AANDREWS,2018-07-13T19:56:44.000Z,1284144.52783203,4604.18828509052
131,1909701004,Mineral Right,20,10,,,AANDREWS,2018-07-13T19:56:44.000Z,899241.093261719,4028.61568219437
132,2008701004,Mineral Right,40,10,,,AANDREWS,2018-07-13T19:56:44.000Z,1732303.29101563,5265.03536033915
133,1911701001,Mineral Right,40,10,,,AANDREWS,2018-07-13T19:56:44.000Z,1767106.81176758,5317.32799439536
134,1908701001,Mineral Right,40,10,,,AANDREWS,2018-07-13T19:56:44.000Z,1772746.88842773,5325.87909552848
135,2007701001,Mineral Right,38.76,10,,,AANDREWS,2018-07-13T19:56:44.000Z,1740363.74487305,5277.18512322948
136,2009701008,Mineral Right,90,10,,,AANDREWS,2018-07-13T19:56:44.000Z,4037415.70849609,10725.4319932236
137,2009701001,Mineral Right,79,10,,,AANDREWS,2018-07-13T19:56:44.000Z,3576005.03930664,8038.75266160597
138,2009701002,Mineral Right,60,10,,,AANDREWS,2018-07-13T19:56:44.000Z,2649591.50366211,6726.03297073904
139,2009701003,Mineral Right,40,10,,,AANDREWS,2018-07-13T19:56:44.000Z,1808608.56958008,5380.53195972853
140,2008701005,Mineral Right,80,10,,,AANDREWS,2018-07-13T19:56:44.000Z,3508894.00219727,7980.42329371417
141,1912701001,Mineral Right,11,10,,,AANDREWS,2018-07-13T19:56:44.000Z,3551084.22875977,8003.00689331792
142,1910701006,Mineral Right,40,10,,,AANDREWS,2018-07-13T19:56:44.000Z,1777564.45727539,5333.63451307099
143,2007701004,Mineral Right,160,10,,,AANDREWS,2018-07-13T19:56:44.000Z,6860212.52075195,10483.10342864
144,1907701003,Mineral Right,125,10,,,AANDREWS,2018-07-13T19:56:44.000Z,5470783.765625,9407.77692116833
145,1910701005,Mineral Right,40,10,,,AANDREWS,2018-07-13T19:56:44.000Z,1826231.80273438,5407.35927317708
146,2008701001,Mineral Right,80,10,,,AANDREWS,2018-07-13T19:56:44.000Z,3460154.77905273,7905.22368897418
147,2008701002,Mineral Right,80,10,,,AANDREWS,2018-07-13T19:56:44.000Z,3512308.3293457,7968.34174362672
148,2008701003,Mineral Right,40,10,,,AANDREWS,2018-07-13T19:56:44.000Z,1751085.27880859,5292.81018038166
149,1908701004,Mineral Right,40,10,,,AANDREWS,2018-07-13T19:56:44.000Z,1835744.55175781,5420.09402076801
150,1911701002,Mineral Right,80,10,,,AANDREWS,2018-07-13T19:56:44.000Z,3555132.2902832,8002.51836255917
151,1908701002,Mineral Right,40,10,,,AANDREWS,2018-07-13T19:56:44.000Z,1836542.59155273,5421.84663649888
152,1909701001,Mineral Right,20,10,,,AANDREWS,2018-07-13T19:56:44.000Z,939892.475341797,4076.79349226086
153,1907701001,Mineral Right,160,10,,,AANDREWS,2018-07-13T19:56:44.000Z,7557217.0847168,11003.8662009242
154,1909701002,Mineral Right,40,10,,,AANDREWS,2018-07-13T19:56:44.000Z,1834934.63378906,5419.10978966604
155,1911701003,Mineral Right,160,10,,,AANDREWS,2018-07-13T19:56:44.000Z,7071656.57836914,10643.1553115685
156,1909701005,Mineral Right,80,10,,,AANDREWS,2018-07-13T19:56:44.000Z,3606802.37670898,8107.0896291907
157,1910701001,Mineral Right,80,10,,,AANDREWS,2018-07-13T19:56:44.000Z,3623109.63183594,8110.64102759276
158,1903701009,Mineral Right,15.5,10,,,AANDREWS,2018-07-13T19:56:44.000Z,646422.520507813,4101.95605221095
159,2006701001,Mineral Right,80,10,,,AANDREWS,2018-07-13T19:56:44.000Z,3632922.30249023,8054.05080190063
160,1901701004,Mineral Right,40,10,,,AANDREWS,2018-07-13T19:56:44.000Z,1778360.58569336,5334.86019533332
161,1902701011,Mineral Right,73,10,,,AANDREWS,2018-07-13T19:56:44.000Z,3302068.9543457,7996.39498351593
162,2005701005,Mineral Right,30,10,,,AANDREWS,2018-07-13T19:56:44.000Z,1767702.90307617,5318.87485376299
163,1906701007,Mineral Right,40,10,,,AANDREWS,2018-07-13T19:56:44.000Z,1914798.55786133,5540.60814878913
164,1903701003,Mineral Right,130,10,,,AANDREWS,2018-07-13T19:56:44.000Z,5717960.40625,9613.82700790937
165,2004701005,Mineral Right,160,10,,,AANDREWS,2018-07-13T19:56:44.000Z,7150814.45678711,10701.3888826173
166,2004701004,Mineral Right,80,10,,,AANDREWS,2018-07-13T19:56:44.000Z,3526192.48681641,7959.73218275655
167,2004701003,Mineral Right,80,10,,,AANDREWS,2018-07-13T19:56:44.000Z,3551529.62280273,7997.91208983265
168,1902701007,Mineral Right,19,10,,,AANDREWS,2018-07-13T19:56:44.000Z,844540.021484375,4013.97869886686
169,1902701009,Mineral Right,40,10,,,AANDREWS,2018-07-13T19:56:44.000Z,1770901.64770508,5323.06212209407
170,1901701003,Mineral Right,80,10,,,AANDREWS,2018-07-13T19:56:44.000Z,3561131.01611328,8004.59874883241
171,2005701006,Mineral Right,160,10,,,AANDREWS,2018-07-13T19:56:44.000Z,6981332.47290039,10571.3908108579
172,1905701004,Mineral Right,80,10,,,AANDREWS,2018-07-13T19:56:44.000Z,3518537.31005859,7950.29653518254
173,1901701002,Mineral Right,160,10,,,AANDREWS,2018-08-17T20:35:01.000Z,7097078.73120117,10657.358617544
174,1904701006,Mineral Right,160,10,,,AANDREWS,2018-07-13T19:56:44.000Z,7093708.5793457,10652.4729810147
175,1904701007,Mineral Right,160,10,,,AANDREWS,2018-07-13T19:56:44.000Z,6990498.67456055,10573.9270397109
176,1906701012,Mineral Right,40,10,,,AANDREWS,2018-07-13T19:56:44.000Z,1874294.83642578,5479.37191509997
177,1906701005,Mineral Right,80,10,,,AANDREWS,2018-07-13T19:56:44.000Z,3734850.4387207,8126.71599149659
178,2005701004,Mineral Right,40,10,,,AANDREWS,2018-07-13T19:56:44.000Z,1774076.59082031,5328.99497998518
179,1903701006,Mineral Right,144,10,,,AANDREWS,2018-07-13T19:56:44.000Z,6454352.8659668,12697.6374255173
180,1906701008,Mineral Right,80,10,,,AANDREWS,2018-07-13T19:56:44.000Z,3593051.01464844,8026.31082687951
181,2006701002,Mineral Right,240,10,,,AANDREWS,2018-07-13T19:56:44.000Z,10615873.5722656,15974.9975276857
182,2005701003,Mineral Right,80,10,,,AANDREWS,2018-07-13T19:56:44.000Z,3509460.43359375,7977.71695449472
183,1906701010,Mineral Right,40,10,,,AANDREWS,2018-07-13T19:56:44.000Z,1799163.6640625,5365.84762127195
184,1905701002,Mineral Right,160,10,,,AANDREWS,2018-07-13T19:56:44.000Z,7052975.81494141,10619.8758952142
185,1902701012,Mineral Right,40,10,,,AANDREWS,2018-07-13T19:56:44.000Z,1755375.38671875,5299.76138361212
186,1906701002,Mineral Right,60,10,,,AANDREWS,2018-07-13T19:56:44.000Z,3709527.58520508,8242.46059211594
187,1904701001,Mineral Right,20,10,,,AANDREWS,2018-07-13T19:56:44.000Z,909733.498779297,4029.93424166391
188,1902701003,Mineral Right,40,10,,,AANDREWS,2018-07-13T19:56:44.000Z,1754196.06811523,5298.10908750294
189,1903701002,Mineral Right,80,10,,,AANDREWS,2018-07-13T19:56:44.000Z,3461606.92724609,7882.81565602649
190,1902701005,Mineral Right,160,10,,,AANDREWS,2018-07-13T19:56:44.000Z,7082050.27832031,10645.2919760124
191,1902701001,Mineral Right,40,10,,,AANDREWS,2018-07-13T19:56:44.000Z,1761518.08886719,5309.12887993134
192,1901701001,Mineral Right,160,10,,,AANDREWS,2018-07-13T19:56:44.000Z,7077415.51806641,10641.897461906
193,2004701001,Mineral Right,160,10,,,AANDREWS,2018-07-13T19:56:44.000Z,7252778.47290039,10772.3180518631
194,2004701002,Mineral Right,80,10,,,AANDREWS,2018-07-13T19:56:44.000Z,3613400.3815918,8001.10530308696
195,1903701001,Mineral Right,40,10,,,AANDREWS,2018-07-13T19:56:44.000Z,3474805.0534668,7911.89099787495
196,1905701001,Mineral Right,160,10,,,AANDREWS,2018-07-13T19:56:44.000Z,7014290.79223633,10589.4040686196
197,1904701009,Mineral Right,20,10,,,AANDREWS,2018-07-13T19:56:44.000Z,876088.167236328,3968.29734766349
198,1906701003,Mineral Right,120,10,,,AANDREWS,2018-07-13T19:56:44.000Z,5496778.45043945,10820.037011562
199,2005701002,Mineral Right,152,10,,,AANDREWS,2018-07-13T19:56:44.000Z,6741658.25805664,10656.5684425965
200,1904701002,Mineral Right,40,10,,,AANDREWS,2018-07-13T19:56:44.000Z,1796060.12011719,5360.97168181493
201,1904701004,Mineral Right,160,10,,,AANDREWS,2018-07-13T19:56:44.000Z,7034543.21801758,10611.271121167
202,2005701001,Mineral Right,168,10,,,AANDREWS,2018-07-13T19:56:44.000Z,7403464.6809082,11147.4120223844
203,1906701001,Mineral Right,40,10,,,AANDREWS,2018-07-13T19:56:44.000Z,1850120.93652344,5440.89731916801
204,1731701007,Mineral Right,20,10,,,AANDREWS,2018-07-13T19:56:44.000Z,842073.874267578,3938.55469533117
205,1733701004,Mineral Right,80,10,,,AANDREWS,2018-07-13T19:56:44.000Z,3349849.41870117,7790.35956101081
206,1731701006,Mineral Right,20,10,,,AANDREWS,2018-07-13T19:56:44.000Z,902396.336425781,4048.98570951572
207,1636701010,Mineral Right,40,10,,,AANDREWS,2018-07-13T19:56:44.000Z,1745396.14208984,5284.83171083756
208,1636701012,Mineral Right,40,10,,,AANDREWS,2018-07-13T19:56:44.000Z,1763766.14819336,5312.45561082807
209,1636701004,Mineral Right,40,10,,,AANDREWS,2018-07-13T19:56:44.000Z,1785692.18017578,5345.40305779025
210,1732701005,Mineral Right,80,10,,,AANDREWS,2018-07-13T19:56:44.000Z,3367574.98339844,7800.87288470977
211,1631701001,Mineral Right,40,10,,,AANDREWS,2018-07-13T19:56:44.000Z,1819975.75268555,5398.08234688859
212,1633701005,Mineral Right,40,10,,,AANDREWS,2018-07-13T19:56:44.000Z,1759423.25976563,5305.760542809
213,1633701008,Mineral Right,40,10,,,AANDREWS,2018-07-13T19:56:44.000Z,1742003.94970703,5294.87670894191
214,1733701003,Mineral Right,56.4,10,,,AANDREWS,2018-07-13T19:56:44.000Z,2027483.94750977,7183.70526422246
215,1732701004,Mineral Right,10,10,,,AANDREWS,2018-07-13T19:56:44.000Z,410037.343994141,3220.64667454299
216,1731701005,Mineral Right,80,10,,,AANDREWS,2018-07-13T19:56:44.000Z,3502018.25830078,8003.01548190721
217,1731701002,Mineral Right,80,10,,,AANDREWS,2018-07-13T19:56:44.000Z,3500906.4543457,7968.03507812698
218,1636701009,Mineral Right,40,10,,,AANDREWS,2018-07-13T19:56:44.000Z,1744136.31542969,5288.81001757863
219,1634701009,Mineral Right,140,10,,,AANDREWS,2018-07-13T19:56:44.000Z,6217363.89086914,10649.825206032
220,1634701005,Mineral Right,40,10,,,AANDREWS,2018-07-13T19:56:44.000Z,1751169.51635742,5293.58605598619
221,1636701011,Mineral Right,40,10,,,AANDREWS,2018-07-13T19:56:44.000Z,1768188.83349609,5319.37974268732
222,1732701006,Mineral Right,160,10,,,AANDREWS,2018-07-13T19:56:44.000Z,6923600.26831055,10543.4787179628
223,1635701006,Mineral Right,80,10,,,AANDREWS,2018-07-13T19:56:44.000Z,3530798.45654297,7973.27663515834
224,1633701006,Mineral Right,40,10,,,AANDREWS,2018-07-13T19:56:44.000Z,1718679.56030273,5248.96629255887
225,1633701007,Mineral Right,40,10,,,AANDREWS,2018-07-13T19:56:44.000Z,1740214.73168945,5277.12351591831
226,1631701003,Mineral Right,40,10,,,AANDREWS,2018-07-13T19:56:44.000Z,1772809.5402832,5326.59026053517
227,1632701002,Mineral Right,40,10,,,AANDREWS,2018-07-13T19:56:44.000Z,1789111.21435547,5350.40276999578
228,1633701004,Mineral Right,20,10,,,AANDREWS,2018-07-13T19:56:44.000Z,864647.080322266,3951.22508109367
229,1536701002,Mineral Right,80,10,,,AANDREWS,2018-07-13T19:56:44.000Z,3484919.7956543,7880.35084476483
230,1733701002,Mineral Right,1,10,,,AANDREWS,2018-07-13T19:56:44.000Z,42001.5227050781,820.010729925405
231,1634701001,Mineral Right,20,10,,,AANDREWS,2018-07-13T19:56:44.000Z,885772.468261719,4004.21192824721
232,1635701007,Mineral Right,20,10,,,AANDREWS,2018-07-13T19:56:44.000Z,889809.022705078,4005.41411139618
233,1731701004,Mineral Right,80,10,,,AANDREWS,2018-07-13T19:56:44.000Z,3450778.64916992,7945.50803368695
234,1635701003,Mineral Right,40,10,,,AANDREWS,2018-07-13T19:56:44.000Z,1786543.52539063,5346.7077973366
235,1634701004,Mineral Right,40,10,,,AANDREWS,2018-07-13T19:56:44.000Z,1746014.22290039,5286.28994508504
236,1636701007,Mineral Right,40,10,,,AANDREWS,2018-07-13T19:56:44.000Z,1770309.82250977,5322.88187820063
237,1636701006,Mineral Right,40,10,,,AANDREWS,2018-07-13T19:56:44.000Z,1787372.02075195,5348.47961129262
238,1536701001,Mineral Right,40,10,,,AANDREWS,2018-07-13T19:56:44.000Z,1720505.1484375,5247.7505263304
239,1731701001,Mineral Right,160,10,,,AANDREWS,2018-07-13T19:56:44.000Z,6748246.68139648,10395.8244997208
240,1731701003,Mineral Right,40,10,,,AANDREWS,2018-07-13T19:56:44.000Z,1728538.11181641,5261.22468588199
241,1732701001,Mineral Right,80,10,,,AANDREWS,2018-07-13T19:56:44.000Z,3354901.4465332,7765.73897282515
242,1732701002,Mineral Right,80,10,,,AANDREWS,2018-07-13T19:56:44.000Z,3418137.11914063,7824.67530702424
243,1633701003,Mineral Right,80,10,,,AANDREWS,2018-07-13T19:56:44.000Z,3381565.07397461,7837.29291263499
244,1636701002,Mineral Right,80,10,,,AANDREWS,2018-07-13T19:56:44.000Z,3480188.328125,7904.44923142218
245,1633701002,Mineral Right,20,10,,,AANDREWS,2018-07-13T19:56:44.000Z,874572.930664063,3957.09986021259
246,1634701003,Mineral Right,80,10,,,AANDREWS,2018-07-13T19:56:44.000Z,3519958.57861328,7935.76287597957
247,1732701003,Mineral Right,80,10,,,AANDREWS,2018-07-13T19:56:44.000Z,3484572.98901367,7913.4495487428
248,1733701001,Mineral Right,80,10,,,AANDREWS,2018-07-13T19:56:44.000Z,3508428.18334961,7929.22952015645
249,1633701001,Mineral Right,80,10,,,AANDREWS,2018-07-13T19:56:44.000Z,3454979.71850586,7875.35665166917
250,1636701008,Mineral Right,80,10,,,AANDREWS,2018-07-13T19:56:44.000Z,3533473.52539063,7954.23780664617
251,1632701001,Mineral Right,80,10,,,AANDREWS,2018-07-13T19:56:44.000Z,3489442.64868164,7926.79938181022
252,1635701001,Mineral Right,40,10,,,AANDREWS,2018-07-13T19:56:44.000Z,1775939.48974609,5330.65673824802
253,1635701004,Mineral Right,60,10,,,AANDREWS,2018-07-13T19:56:44.000Z,2686350.5625,6687.16544466906
254,1635701005,Mineral Right,20,10,,,AANDREWS,2018-07-13T19:56:44.000Z,891938.04296875,4008.374357138
255,1635701008,Mineral Right,5,10,,,AANDREWS,2018-07-13T19:56:44.000Z,202081.8828125,2979.22815097425
256,1636701001,Mineral Right,40,10,,,AANDREWS,2018-07-13T19:56:44.000Z,1791842.31713867,5355.65518973167
257,1631701002,Mineral Right,49,10,,,AANDREWS,2018-07-13T19:56:44.000Z,2178237.60400391,7971.23250559671
258,1628701004,Mineral Right,40,10,,,AANDREWS,2018-07-13T19:56:44.000Z,1746329.88354492,5286.45824477497
259,1627701003,Mineral Right,40,10,,,AANDREWS,2018-07-13T19:56:44.000Z,1744201.51708984,5282.95500244994
260,1625701005,Mineral Right,20,10,,,AANDREWS,2018-07-13T19:56:44.000Z,889100.10546875,4005.12384923005
261,1726701001,Mineral Right,0,10,,,AANDREWS,2018-07-13T19:56:44.000Z,9189.42944335938,389.735580321965
262,1730701003,Mineral Right,80,10,,,AANDREWS,2018-07-13T19:56:44.000Z,3603369.64990234,8021.91657713017
263,1730701004,Mineral Right,80,10,,,AANDREWS,2018-07-13T19:56:44.000Z,3624749.01879883,8036.41027155291
264,1729701002,Mineral Right,158,10,,,AANDREWS,2018-12-04T22:06:16.000Z,6970490.27661133,10565.7106070991
265,1730701002,Mineral Right,4,10,,,AANDREWS,2018-07-13T19:56:44.000Z,176088.145751953,2982.20279687275
266,1729701003,Mineral Right,160,10,,,AANDREWS,2018-07-13T19:56:44.000Z,6975412.39526367,10566.9399748006
267,1625701006,Mineral Right,40,10,,,AANDREWS,2018-07-13T19:56:44.000Z,1750999.39697266,5294.56334714119
268,1628701002,Mineral Right,80,10,,,AANDREWS,2018-07-13T19:56:44.000Z,3518886.36376953,7940.69397339863
269,1627701002,Mineral Right,80,10,,,AANDREWS,2018-07-13T19:56:44.000Z,3530094.77319336,7982.82104470189
270,1629701003,Mineral Right,100,10,,,AANDREWS,2018-07-13T19:56:44.000Z,4418410.1496582,8633.01744542152
271,1629701002,Mineral Right,160,10,,,AANDREWS,2018-07-13T19:56:44.000Z,7076483.79858398,10640.7254128002
272,1628701005,Mineral Right,160,10,,,AANDREWS,2018-07-13T19:56:44.000Z,7078869.69262695,10631.8828679226
273,1630701003,Mineral Right,80,10,,,AANDREWS,2018-07-13T19:56:44.000Z,3809943.13256836,8155.17073005752
274,1625701007,Mineral Right,40,10,,,AANDREWS,2018-07-13T19:56:44.000Z,1776533.47436523,5332.81874218739
275,1630701001,Mineral Right,123,10,,,AANDREWS,2018-07-13T19:56:44.000Z,4751897.96557617,8871.32776068918
276,1626701003,Mineral Right,80,10,,,AANDREWS,2018-07-13T19:56:44.000Z,3591784.93603516,8030.62196097056
277,1626701004,Mineral Right,160,10,,,AANDREWS,2018-07-13T19:56:44.000Z,7136252.01123047,10685.6536150216
278,1625701003,Mineral Right,40,10,,,AANDREWS,2018-07-13T19:56:44.000Z,1777101.41674805,5333.60968173477
279,1526701001,Mineral Right,80,10,,,AANDREWS,2018-07-13T19:56:44.000Z,3438572.86010742,7903.64331780277
280,1630701001,Mineral Right,123,10,,,AANDREWS,2018-07-13T19:56:44.000Z,942791.517089844,4176.97637982108
281,1729701004,Mineral Right,30,10,,,AANDREWS,2018-12-04T22:06:16.000Z,1303426.49267578,4618.56073590772
282,1729701001,Mineral Right,30,10,,,AANDREWS,2018-07-13T19:56:44.000Z,1266679.57617188,4549.77329827596
283,1727701002,Mineral Right,76,10,,,AANDREWS,2018-07-13T19:56:44.000Z,3240549.68188477,7576.07291072251
284,1626701007,Mineral Right,10,10,,,AANDREWS,2018-07-13T19:56:44.000Z,367681.484375,3287.98573160606
285,1626701002,Mineral Right,40,10,,,AANDREWS,2018-07-13T19:56:44.000Z,1791575.9699707,5354.08024329185
286,1625701001,Mineral Right,53,10,,,AANDREWS,2018-07-13T19:56:44.000Z,1955714.81494141,6332.87077802149
287,1730701001,Mineral Right,107.88,10,,,AANDREWS,2018-07-13T19:56:44.000Z,4798403.81713867,10161.1724376211
288,1727701001,Mineral Right,80,10,,,AANDREWS,2018-07-13T19:56:44.000Z,3439827.16357422,7833.2725148096
289,1627701001,Mineral Right,80,10,,,AANDREWS,2018-07-13T19:56:44.000Z,3493791.41235352,7942.10069106599
290,1627701004,Mineral Right,80,10,,,AANDREWS,2018-07-13T19:56:44.000Z,3469730.015625,7918.34896917418
291,1629701001,Mineral Right,80,10,,,AANDREWS,2018-07-13T19:56:44.000Z,3531425.8996582,8000.12507086995
292,1628701001,Mineral Right,20,10,,,AANDREWS,2018-07-13T19:56:44.000Z,878691.121826172,3987.54772245878
293,1625701002,Mineral Right,160,10,,,AANDREWS,2018-07-13T19:56:44.000Z,7027301.26904297,10606.6142383925
294,1626701006,Mineral Right,40,10,,,AANDREWS,2018-07-13T19:56:44.000Z,1788689.29199219,5349.9853762633
295,1630701002,Mineral Right,80,10,,,AANDREWS,2018-07-13T19:56:44.000Z,3484799.75927734,7962.07860513197
296,1626701001,Mineral Right,80,10,,,AANDREWS,2018-07-13T19:56:44.000Z,3592725.59008789,8007.45881809833
297,1626701005,Mineral Right,40,10,,,AANDREWS,2018-07-13T19:56:44.000Z,1784377.06469727,5343.4715262614
298,1621701004,Mineral Right,80,10,,,AANDREWS,2018-07-13T19:56:44.000Z,3543226.22509766,7987.13044832801
299,1622701004,Mineral Right,40,10,,,AANDREWS,2018-07-13T19:56:44.000Z,1756009.46582031,5300.93791179627
300,1622701006,Mineral Right,40,10,,,AANDREWS,2018-07-13T19:56:44.000Z,1749810.50463867,5291.54880112344
301,1621701003,Mineral Right,80,10,,,AANDREWS,2018-07-13T19:56:44.000Z,3495974.10327148,7925.79707524681
302,1719701005,Mineral Right,40,10,,,AANDREWS,2018-07-13T19:56:44.000Z,1732662.51074219,5265.74650732399
303,1719701004,Mineral Right,80,10,,,AANDREWS,2018-07-13T19:56:44.000Z,3594243.62011719,8002.37576102971
304,1721701001,Mineral Right,50,10,,,AANDREWS,2018-07-13T19:56:44.000Z,1570732.34692383,5022.02776629075
305,1720701004,Mineral Right,40,10,,,AANDREWS,2018-07-13T19:56:44.000Z,1721090.9921875,5244.69645239646
306,1719701003,Mineral Right,80,10,,,AANDREWS,2018-07-13T19:56:44.000Z,3637216.38598633,8037.62514389144
307,1720701007,Mineral Right,80,10,,,AANDREWS,2018-07-13T19:56:44.000Z,3480239.43261719,7923.91539767154
308,1621701006,Mineral Right,80,10,,,AANDREWS,2018-07-13T19:56:44.000Z,3514337.71899414,7972.50151721295
309,1624701004,Mineral Right,40,10,,,AANDREWS,2018-07-13T19:56:44.000Z,1770308.07421875,5326.25883116703
310,1622701003,Mineral Right,40,10,,,AANDREWS,2018-07-13T19:56:44.000Z,1733520.94555664,5266.69123482309
311,1621701001,Mineral Right,80,10,,,AANDREWS,2018-07-13T19:56:44.000Z,3486696.54345703,7921.12736564756
312,1622701005,Mineral Right,40,10,,,AANDREWS,2018-07-13T19:56:44.000Z,1747427.54931641,5287.95306951154
313,1624701003,Mineral Right,80,10,,,AANDREWS,2018-07-13T19:56:44.000Z,3482487.27075195,7913.16123524885
314,1719701001,Mineral Right,10,10,,,AANDREWS,2018-07-13T19:56:44.000Z,437413.864013672,2645.75635293245
315,1723701001,Mineral Right,0,10,,,AANDREWS,2018-07-13T19:56:44.000Z,16712.7934570313,675.019804177383
316,1719701002,Mineral Right,40,10,,,AANDREWS,2018-07-13T19:56:44.000Z,1772653.91088867,5325.98100487598
317,1720701002,Mineral Right,40,10,,,AANDREWS,2018-07-13T19:56:44.000Z,1756504.81054688,5301.86004171287
318,1720701003,Mineral Right,30,10,,,AANDREWS,2018-07-13T19:56:44.000Z,1283728.21655273,4578.05115452921
319,1720701006,Mineral Right,80,10,,,AANDREWS,2018-07-13T19:56:44.000Z,3431131.28100586,7877.60402856168
320,1622701007,Mineral Right,40,10,,,AANDREWS,2018-07-13T19:56:44.000Z,1728374.92041016,5259.69435914761
321,1622701008,Mineral Right,40,10,,,AANDREWS,2018-07-13T19:56:44.000Z,1764078.10546875,5312.92239338227
322,1620701003,Mineral Right,10,10,,,AANDREWS,2018-07-13T19:56:44.000Z,423671.872802734,3227.91724321295
323,1624701002,Mineral Right,80,10,,,AANDREWS,2018-07-13T19:56:44.000Z,3506657.99487305,7898.90021319661
324,1720701005,Mineral Right,40,10,,,AANDREWS,2018-07-13T19:56:44.000Z,1729802.80664063,6592.91850927352
325,1622701001,Mineral Right,20,10,,,AANDREWS,2018-07-13T19:56:44.000Z,847953.252197266,3886.9329883182
326,1720701001,Mineral Right,80,10,,,AANDREWS,2018-07-13T19:56:44.000Z,3452157.64892578,7887.65712345524
327,1624701006,Mineral Right,80,10,,,AANDREWS,2018-07-13T19:56:44.000Z,3476570.14916992,7927.95849518852
328,1621701005,Mineral Right,80,10,,,AANDREWS,2018-07-13T19:56:44.000Z,3587082.13891602,8017.87830938499
329,1622701009,Mineral Right,20,10,,,AANDREWS,2018-07-13T19:56:44.000Z,847949.278808594,3886.94523438723
330,1624701005,Mineral Right,80,10,,,AANDREWS,2018-07-13T19:56:44.000Z,3547384.31982422,7963.35928381184
331,1620701002,Mineral Right,80,10,,,AANDREWS,2018-07-13T19:56:44.000Z,3528994.28808594,7967.72324090982
332,1620701001,Mineral Right,20,10,,,AANDREWS,2018-07-13T19:56:44.000Z,422478.107666016,2600.30992673003
333,1622701002,Mineral Right,80,10,,,AANDREWS,2018-07-13T19:56:44.000Z,3471388.83349609,7935.72940553958
334,1623701001,Mineral Right,160,10,,,AANDREWS,2018-07-13T19:56:44.000Z,7299802.16210938,10808.3843412229
335,1624701001,Mineral Right,80,10,,,AANDREWS,2018-07-13T19:56:44.000Z,3380365.59228516,7791.93953077241
336,1714701001,Mineral Right,5,10,,,AANDREWS,2018-07-13T19:56:44.000Z,218171.361816406,1868.70467063268
337,1717701003,Mineral Right,80,10,,,AANDREWS,2018-07-13T19:56:44.000Z,3574699.27148438,7978.03076912881
338,1615701001,Mineral Right,80,10,,,AANDREWS,2018-07-13T19:56:44.000Z,3460193.76049805,7871.10001237567
339,1618701008,Mineral Right,17,10,,,AANDREWS,2018-07-13T19:56:44.000Z,807095.692626953,6315.7095245752
340,1718701003,Mineral Right,40,10,,,AANDREWS,2018-07-13T19:56:44.000Z,1829056.03173828,5409.9463872155
341,1718701004,Mineral Right,80,10,,,AANDREWS,2018-07-13T19:56:44.000Z,3624461.64916992,8065.90791224832
342,1717701002,Mineral Right,40,10,,,AANDREWS,2018-07-13T19:56:44.000Z,1766253.61791992,5316.22836166614
343,1615701003,Mineral Right,80,10,,,AANDREWS,2018-07-13T19:56:44.000Z,3501365.82202148,7913.24470893693
344,1615701004,Mineral Right,80,10,,,AANDREWS,2018-07-13T19:56:44.000Z,3458840.04101563,7917.86898930129
345,1618701007,Mineral Right,40.37 a,10,,,AANDREWS,2018-07-13T19:56:44.000Z,1758488.40649414,5305.83728240793
346,1615701005,Mineral Right,80,10,,,AANDREWS,2018-07-13T19:56:44.000Z,3476738.9609375,7932.33294362356
347,1614701003,Mineral Right,80,10,,,AANDREWS,2018-07-13T19:56:44.000Z,3634228.76660156,8050.68741132682
348,1618701005,Mineral Right,80,10,,,AANDREWS,2018-07-13T19:56:44.000Z,3798195.13134766,8396.7485620147
349,1613701001,Mineral Right,160,10,,,AANDREWS,2018-07-13T19:56:44.000Z,6823992.2956543,10456.0763321663
350,1714701002,Mineral Right,0,10,,,AANDREWS,2018-07-13T19:56:44.000Z,36846.4450683594,953.407211427057
351,1717701005,Mineral Right,80,10,,,AANDREWS,2018-07-13T19:56:44.000Z,3505353.66601563,7941.8543823147
352,1617701002,Mineral Right,40,10,,,AANDREWS,2018-07-13T19:56:44.000Z,1716435.921875,5240.93830550145
353,1614701001,Mineral Right,40,10,,,AANDREWS,2018-07-13T19:56:44.000Z,1802725.17382813,5371.25853158343
354,1717701004,Mineral Right,80,10,,,AANDREWS,2018-07-13T19:56:44.000Z,3396627.82373047,7863.34620554787
355,1718701001,Mineral Right,160,10,,,AANDREWS,2018-07-13T19:56:44.000Z,7498489.02832031,10954.6991380194
356,1718701002,Mineral Right,80,10,,,AANDREWS,2018-07-13T19:56:44.000Z,3647416.66162109,8136.64462590979
357,1717701001,Mineral Right,80,10,,,AANDREWS,2018-07-13T19:56:44.000Z,3492623.64379883,7917.05085100052
358,1616701001,Mineral Right,80,10,,,AANDREWS,2018-07-13T19:56:44.000Z,3511576.68554688,7963.4638752267
359,1617701001,Mineral Right,40,10,,,AANDREWS,2018-07-13T19:56:44.000Z,1732035.37597656,5326.79401936711
360,1618701004,Mineral Right,40,10,,,AANDREWS,2018-07-13T19:56:44.000Z,1775090.22924805,5329.31400483323
361,1618701003,Mineral Right,80,10,,,AANDREWS,2018-07-13T19:56:44.000Z,3558275.01904297,8005.44862268438
362,1618701002,Mineral Right,80,10,,,AANDREWS,2018-07-13T19:56:44.000Z,3784041.80004883,8163.19179252572
363,1618701001,Mineral Right,80,10,,,AANDREWS,2018-07-13T19:56:44.000Z,3851019.02978516,8196.87793586344
364,1518701001,Mineral Right,100,10,,,AANDREWS,2018-07-13T19:56:44.000Z,4380415.72290039,10563.8667199228
365,1708701003,Mineral Right,80,10,,,AANDREWS,2018-07-13T19:56:44.000Z,3505521.69775391,7952.94254361817
366,1608701001,Mineral Right,40,10,,,AANDREWS,2018-07-13T19:56:44.000Z,1716874.98657227,5241.31969315781
367,1609701001,Mineral Right,80,10,,,AANDREWS,2018-07-13T19:56:44.000Z,3514836.25048828,7931.20454648595
368,1610701003,Mineral Right,118.4,10,,,AANDREWS,2018-07-13T19:56:44.000Z,5157930.96972656,9912.26871015181
369,1707701001,Mineral Right,80,10,,,AANDREWS,2018-07-13T19:56:44.000Z,3645142.81054688,10725.4856750134
370,1612701001,Mineral Right,80,10,,,AANDREWS,2018-07-13T19:56:44.000Z,3494715.25830078,7937.61077898174
371,1708701002,Mineral Right,160,10,,,AANDREWS,2018-07-13T19:56:44.000Z,6949272.18481445,10549.2310434031
372,1610701001,Mineral Right,20,10,,,AANDREWS,2018-07-13T19:56:44.000Z,890652.626220703,3969.66650032669
373,1610701002,Mineral Right,21.6,10,,,AANDREWS,2018-07-13T19:56:44.000Z,967272.239990234,4608.64319958404
374,1609701002,Mineral Right,20,10,,,AANDREWS,2018-07-13T19:56:44.000Z,826908.2890625,3841.64679115846
375,1507701001,Mineral Right,123.72000122,10,,,AANDREWS,2018-07-13T19:56:44.000Z,4681319.98876953,9891.58057326439
376,1708701001,Mineral Right,144,10,,,AANDREWS,2018-07-13T19:56:44.000Z,6272704.76464844,9990.60252532669
377,1508701002,Mineral Right,1.5,10,,,AANDREWS,2018-07-13T19:56:44.000Z,62097.9514160156,5222.73143192181
378,1604701002,Mineral Right,25,10,,,AANDREWS,2018-07-13T19:56:44.000Z,1081683.70996094,4160.17837759548
379,1705701001,Mineral Right,40,10,,,AANDREWS,2018-07-13T19:56:44.000Z,1713924.42041016,5238.25932367638
380,1606701001,Mineral Right,40,10,,,AANDREWS,2018-07-13T19:56:44.000Z,1684242.66992188,5213.14936250005
381,1806701001,Mineral Right,0,10,,,AANDREWS,2018-07-13T19:56:44.000Z,17287.2175292969,540.674460523633
382,1604701001,Mineral Right,160,10,,,AANDREWS,2018-07-13T19:56:44.000Z,6003000.53833008,11674.6658677032
383,1126701001,Mineral Right,40,10,,,AANDREWS,2018-07-13T19:56:44.000Z,1741807.25341797,5279.43145298745
384,1330701002,Mineral Right,40,10,,,AANDREWS,2018-07-13T19:56:44.000Z,1742681.32666016,5280.50403321578
385,1330701001,Mineral Right,303.03,10,,,AANDREWS,2018-07-13T19:56:44.000Z,13081995.5979004,15790.5355411752
386,1322701002,Mineral Right,1.99,10,,,AANDREWS,2018-07-13T19:56:44.000Z,86874.423828125,1188.4934158468
387,1322701001,Mineral Right,1.46,10,,,AANDREWS,2018-07-13T19:56:44.000Z,63528.3815917969,1033.93335233571
388,1118701004,Mineral Right,73,10,,,AANDREWS,2018-07-13T19:56:44.000Z,3230882.94458008,7500.37201939015
389,1109701004,Mineral Right,78,10,,,AANDREWS,2018-07-13T19:56:44.000Z,3379458.046875,7799.90724872482
390,1109701002,Mineral Right,78,10,,,AANDREWS,2018-07-13T19:56:44.000Z,3450452.15673828,7898.62497509761
391,1108701001,Mineral Right,107.55000305,10,,,AANDREWS,2018-07-13T19:56:44.000Z,5075533.31298828,10381.8582751603
392,1109701003,Mineral Right,75,10,,,AANDREWS,2018-07-13T19:56:44.000Z,3242516.09448242,7685.164829187
393,1109701001,Mineral Right,76,10,,,AANDREWS,2018-07-13T19:56:44.000Z,3318712.16333008,7808.17197116486
394,1108701002,Mineral Right,60,10,,,AANDREWS,2018-07-13T19:56:44.000Z,2642282.12304688,6638.09638765022
395,1435701001,Mineral Right,89,10,,,AANDREWS,2018-07-13T19:56:44.000Z,3876875.24414063,82197.8865056304
396,0634701001,Mineral Right,51,10,,,AANDREWS,2018-07-13T19:56:44.000Z,2264278.13085938,7044.62080482833
397,0413701001,Mineral Right,2.25,10,,,AANDREWS,2018-07-13T19:56:44.000Z,98011.4794921875,1353.01311990158
398,0414701001,Mineral Right,33.41,10,,,AANDREWS,2018-07-13T19:56:44.000Z,1455365.64257813,5145.83025586586
399,0402701001,Mineral Right,10.25 a,10,,,AANDREWS,2018-07-13T19:56:44.000Z,446311.531982422,3350.59756509981
400,1930701004,Mineral Right,40,10,,,AANDREWS,2018-07-13T19:56:44.000Z,1813336.43481445,5387.00893935095
401,1930701002,Mineral Right,80,10,,,AANDREWS,2018-07-13T19:56:44.000Z,3701492.87573242,8149.61281818718
402,1922701005,Mineral Right,40,10,,,AANDREWS,2018-07-13T19:56:44.000Z,1779208.3269043,5335.51067903339
403,1920701009,Mineral Right,41,10,,,AANDREWS,2018-07-13T19:56:44.000Z,3054677.47460938,7366.39297368657
404,1922701007,Mineral Right,80,10,,,AANDREWS,2018-07-13T19:56:44.000Z,3517897.50708008,7954.5852975
405,1920701007,Mineral Right,60,10,,,AANDREWS,2018-07-13T19:56:44.000Z,2292201.75927734,6277.88044175623
406,1922701009,Mineral Right,80,10,,,AANDREWS,2018-07-13T19:56:44.000Z,3559189.04199219,7984.99162321912
407,1920701004,Mineral Right,160,10,,,AANDREWS,2018-07-13T19:56:44.000Z,7339839.16333008,10837.0784672647
408,1919701008,Mineral Right,160,10,,,AANDREWS,2018-07-13T19:56:44.000Z,7266465.13183594,10783.2202170258
409,1923701004,Mineral Right,40,10,,,AANDREWS,2019-03-11T15:02:17.000Z,1775500.06665039,5330.32364127799
410,1921701004,Mineral Right,80,10,,,AANDREWS,2018-07-13T19:56:44.000Z,3626853.6730957,8106.57103368918
411,1922701002,Mineral Right,40,10,,,AANDREWS,2018-07-13T19:56:44.000Z,1770903.27783203,5323.0411597882
412,1921701006,Mineral Right,80,10,,,AANDREWS,2018-10-15T21:03:56.000Z,3600416.72094727,8054.93220252814
413,1921701002,Mineral Right,15,10,,,AANDREWS,2018-07-13T19:56:44.000Z,655572.740234375,3638.8322408367
414,1919701002,Mineral Right,34,10,,,AANDREWS,2018-07-13T19:56:44.000Z,1519714.70336914,6718.1648029667
415,1920701005,Mineral Right,160,10,,,AANDREWS,2018-07-13T19:56:44.000Z,7241379.80859375,10764.1529790654
416,1919701006,Mineral Right,125,10,,,AANDREWS,2018-07-13T19:56:44.000Z,5532556.43139648,9489.9463116452
417,1923701002,Mineral Right,160,10,,,AANDREWS,2018-07-13T19:56:44.000Z,7090809.72607422,10651.7129512079
418,1916701003,Mineral Right,40,10,,,AANDREWS,2018-07-13T19:56:44.000Z,1781403.75610352,5338.81906002028
419,1915701012,Mineral Right,40,10,,,AANDREWS,2019-03-07T17:00:40.000Z,1775358.83056641,5330.08690718578
420,1915701008,Mineral Right,160,10,,,AANDREWS,2018-07-13T19:56:44.000Z,7098271.04272461,10657.0593048154
421,1915701010,Mineral Right,80,10,,,AANDREWS,2018-07-13T19:56:44.000Z,3573387.98217773,8007.99396197307
422,1915701006,Mineral Right,40,10,,,AANDREWS,2018-07-13T19:56:44.000Z,1796989.203125,5362.21974619352
423,1915701002,Mineral Right,80,10,,,AANDREWS,2018-07-13T19:56:44.000Z,3533810.80419922,7975.52649916377
424,1915701004,Mineral Right,40,10,,,AANDREWS,2018-07-13T19:56:44.000Z,1788811.86547852,5350.06384062562
425,1914701002,Mineral Right,80,10,,,AANDREWS,2018-07-13T19:56:44.000Z,3541473.42749023,8003.27898862988
426,1918701003,Mineral Right,160,10,,,AANDREWS,2018-07-13T19:56:44.000Z,7081722.23510742,10645.918900324
427,1917701002,Mineral Right,40,10,,,AANDREWS,2018-07-13T19:56:44.000Z,1822877.29394531,5400.69843977008
428,2018701001,Mineral Right,32,10,,,AANDREWS,2018-07-13T19:56:44.000Z,6939287.93896484,10537.8663428146
429,1909701010,Mineral Right,40,10,,,AANDREWS,2018-07-13T19:56:44.000Z,1805758.83837891,5375.49559082676
430,1909701012,Mineral Right,40,10,,,AANDREWS,2018-07-13T19:56:44.000Z,1827951.91674805,5408.27311158667
431,1909701008,Mineral Right,80,10,,,AANDREWS,2018-07-13T19:56:44.000Z,3587894.83544922,8041.54130513383
432,1908701009,Mineral Right,80,10,,,AANDREWS,2018-07-13T19:56:44.000Z,3569017.3371582,8015.23705490545
433,1911701006,Mineral Right,40,10,,,AANDREWS,2018-07-13T19:56:44.000Z,1813426.92285156,5386.82672857788
434,1908701006,Mineral Right,40,10,,,AANDREWS,2018-07-13T19:56:44.000Z,1784700.17871094,5343.88026641685
435,1907701006,Mineral Right,40,10,,,AANDREWS,2018-07-13T19:56:44.000Z,1890783.94677734,5502.13357935708
436,1907701008,Mineral Right,25,10,,,AANDREWS,2018-07-13T19:56:44.000Z,7015337.93310547,10622.2136115485
437,1910701004,Mineral Right,40,10,,,AANDREWS,2018-07-13T19:56:44.000Z,1808185.36914063,5379.01000401065
438,1912701002,Mineral Right,11,10,,,AANDREWS,2018-07-13T19:56:44.000Z,3551084.22875977,8003.00689331792
439,1907701004,Mineral Right,125,10,,,AANDREWS,2018-07-13T19:56:44.000Z,5470783.765625,9407.77692116833
440,1907701002,Mineral Right,160,10,,,AANDREWS,2018-07-13T19:56:44.000Z,7557217.0847168,11003.8662009242
441,1909701003,Mineral Right,40,10,,,AANDREWS,2018-07-13T19:56:44.000Z,1834934.63378906,5419.10978966604
442,1911701004,Mineral Right,160,10,,,AANDREWS,2018-07-13T19:56:44.000Z,7071656.57836914,10643.1553115685
443,1909701006,Mineral Right,20,10,,,AANDREWS,2018-07-13T19:56:44.000Z,910526.156005859,4028.8369157947
444,1910701002,Mineral Right,80,10,,,AANDREWS,2018-07-13T19:56:44.000Z,3623109.63183594,8110.64102759276
445,1903701004,Mineral Right,130,10,,,AANDREWS,2018-07-13T19:56:44.000Z,5717960.40625,9613.82700790937
446,1902701008,Mineral Right,19,10,,,AANDREWS,2018-07-13T19:56:44.000Z,844540.021484375,4013.97869886686
447,1902701010,Mineral Right,40,10,,,AANDREWS,2018-07-13T19:56:44.000Z,1770901.64770508,5323.06212209407
448,1904701008,Mineral Right,160,10,,,AANDREWS,2018-07-13T19:56:44.000Z,6990498.67456055,10573.9270397109
449,1906701006,Mineral Right,80,10,,,AANDREWS,2018-07-13T19:56:44.000Z,3734850.4387207,8126.71599149659
450,1903701008,Mineral Right,144,10,,,AANDREWS,2018-07-13T19:56:44.000Z,6454352.8659668,12697.6374255173
451,1906701009,Mineral Right,80,10,,,AANDREWS,2018-07-13T19:56:44.000Z,3593051.01464844,8026.31082687951
452,1906701011,Mineral Right,40,10,,,AANDREWS,2018-07-13T19:56:44.000Z,1799163.6640625,5365.84762127195
453,1905701003,Mineral Right,160,10,,,AANDREWS,2018-07-13T19:56:44.000Z,7052975.81494141,10619.8758952142
454,1902701004,Mineral Right,40,10,,,AANDREWS,2018-07-13T19:56:44.000Z,1754196.06811523,5298.10908750294
455,1902701006,Mineral Right,160,10,,,AANDREWS,2018-07-13T19:56:44.000Z,7082050.27832031,10645.2919760124
456,1902701002,Mineral Right,40,10,,,AANDREWS,2018-07-13T19:56:44.000Z,1761518.08886719,5309.12887993134
457,1906701004,Mineral Right,120,10,,,AANDREWS,2018-07-13T19:56:44.000Z,5496778.45043945,10820.037011562
458,1904701003,Mineral Right,40,10,,,AANDREWS,2018-07-13T19:56:44.000Z,1796060.12011719,5360.97168181493
459,1904701005,Mineral Right,160,10,,,AANDREWS,2018-07-13T19:56:44.000Z,7034543.21801758,10611.271121167
460,1634701006,Mineral Right,120,10,,,AANDREWS,2018-07-13T19:56:44.000Z,5304866.83398438,10636.5325308293
461,1634701002,Mineral Right,20,10,,,AANDREWS,2018-07-13T19:56:44.000Z,885772.468261719,4004.21192824721
462,1635701002,Mineral Right,40,10,,,AANDREWS,2018-07-13T19:56:44.000Z,1775939.48974609,5330.65673824802
463,1628701003,Mineral Right,80,10,,,AANDREWS,2018-07-13T19:56:44.000Z,3518886.36376953,7940.69397339863
464,1625701004,Mineral Right,40,10,,,AANDREWS,2018-07-13T19:56:44.000Z,1777101.41674805,5333.60968173477
465,1621701002,Mineral Right,80,10,,,AANDREWS,2018-07-13T19:56:44.000Z,3486696.54345703,7921.12736564756
466,1615701002,Mineral Right,39.31 a,10,,,AANDREWS,2018-07-13T19:56:44.000Z,1712188.4140625,5234.61156576104
467,1618701006,Mineral Right,80,10,,,AANDREWS,2018-07-13T19:56:44.000Z,3798195.13134766,8396.7485620147
468,1617701003,Mineral Right,40,10,,,AANDREWS,2018-07-13T19:56:44.000Z,1716435.921875,5240.93830550145
469,1614701002,Mineral Right,40,10,,,AANDREWS,2018-07-13T19:56:44.000Z,1802725.17382813,5371.25853158343
470,1634701007,Mineral Right,40,10,,,AANDREWS,2018-07-13T19:56:44.000Z,1751169.51635742,5293.58605598619
471,1634701008,Mineral Right,120,10,,,AANDREWS,2018-07-13T19:56:44.000Z,5269399.59326172,10601.1277307789
