OBJECTID,Neighborhoods,GlobalID,Shape__Area,Shape__Length
1,10,33889102-44ab-4a3c-9cbc-b50820002441,965580.528076172,11057.6754924652
2,20,6226d80a-620c-4567-a3ac-628b655ef4c9,2630196.83740234,22663.1379129155
3,21,49a55f35-16ff-4a21-8030-4b12faa05da7,4381292.17871094,38150.4052714223
4,30,a3637da6-79bf-4ce3-ad61-9cd62af3f145,8357482.90917969,25690.8356824146
5,31,14d4faff-9f0e-4215-b884-5af31edba439,1139557.84082031,11449.4928543225
6,40,b440c6cf-5c4f-4448-a4b1-8aff218ab203,8190280.31958008,32887.9362427032
7,41,58312967-bd60-4c8d-bf83-e5bdd83fd800,460872.764892578,6289.98508106235
8,50,28130227-ea85-43a8-846f-14395c0737f7,21382321.1452637,50500.882688193
9,51,3950a078-fbe1-410e-b885-2d426cc91b51,47841090.7856445,135689.979409932
10,60,327a907f-0bc5-4b8f-ba5c-34836bc7eca6,2837537.23046875,16575.0609341665
11,61,c0bdbd1b-9281-408b-85c2-f32b652968be,3273780.21240234,23930.6661366703
12,70,a1901440-4718-402b-81de-7e0d33cbb786,1315304.32519531,9599.98101714429
13,80,d93f692a-2ece-46d2-a99e-66c9e77180d5,11570994.0915527,120112.916290141
14,81,c60331d6-c07a-416b-b770-341de7ec691d,1316772.55834961,16807.0196719354
15,90,addd5608-5b3b-4491-a9a6-a577ab0a4808,100279720.774658,236952.782082275
16,100,5d294b17-fc90-4641-8ce3-8edf1f193dab,1684060.6940918,8437.37968282304
17,101,47c4a7db-99d2-408e-b528-0f11822cdef0,1020767.95458984,13378.8127171948
18,110,07c97a15-e603-44ab-8e01-02d30cd82f08,26867693.9428711,66163.9768935891
19,111,9fd969aa-81a2-44d8-a3cf-f1b5eb5527ae,1946990.94018555,25616.1506710609
20,120,4afcd975-269c-42d8-8e61-32f548e9e421,21857138.9775391,29211.5869021559
21,130,baed43a2-e0ae-427f-95ad-6b3f3ccc0ee1,69937857.2380371,249083.958246826
22,131,298a98ac-5c54-46b5-8523-ffea1ad388a6,17118949.5439453,81760.4207733554
23,140,9108c0a9-5e22-4d0d-bf51-4a93c203cf9e,3073464.91967773,12865.0694520508
24,141,61efc9e0-e75c-459b-96e5-4400ab414dc8,9946095.44848633,73569.8250095653
25,142,9cf53922-ad68-475e-832d-3c1a67f43c4d,3878116.91479492,35162.9530286216
26,150,2714e3ed-bff3-495d-8aee-dbf25f489260,6484773.68188477,31534.1231232633
27,160,ca7e4e35-214a-4e24-9587-26ed9201ea30,794842.227539063,11795.7505595872
28,161,4cecedcc-9687-4776-9681-9c6a541e4b86,1743064.74902344,22285.9313711512
29,170,60eba649-3bcd-4ca7-9de4-29919dea2e30,22928251.3898926,79332.3664361638
30,172,f08b3e8a-fd43-4558-a586-c9e618c7393b,39190841.8903809,109386.311356386
31,173,f466f055-5a8c-4adc-b01e-a1a74bfd5514,5931247.18334961,41380.6137080738
32,175,8d8a0d24-e20d-480b-a05d-0ded83c3db57,12281154.0124512,59754.8704170798
33,178,e232c890-49df-4edc-8d4f-333139490606,4287149.56811523,41423.5113632375
34,179,ec0d2bb5-19da-4b33-8321-611bae172a2a,26656807.9294434,116646.257728284
35,181,54c599f2-3acc-4b83-ad1e-0edb916c2b8e,6465318.4206543,47415.5646338128
36,182,d239f166-d673-4632-b705-9322130c5a1e,49676688.8015137,42967.0019694228
37,190,660e7f96-92c7-4bfa-993c-c7759ed4002c,19006737.6477051,108463.558780592
38,191,2d1c3086-c922-44c9-b573-ba210e0e0762,7046073.57421875,24362.2172569764
39,192,f8d944c5-c402-46a8-b744-32731343e6db,842938.068359375,13734.5235820248
40,200,7ed01743-59fa-4eed-82b5-05ca6d671974,97412397.6303711,292060.053162864
41,201,6a6fac38-8284-4d31-aa05-32d0ecafa16e,2493064.15063477,16949.4486907426
42,601,9cdff508-72e8-437e-95d6-e874f558b3da,25080304.0622559,45916.7605045143
43,602,a39ea15e-1938-46e1-a7a7-297d6bea0a85,32002883.0202637,94527.7981877954
44,603,e9836504-d7d3-4845-ad40-7290a68d5de6,245174.749511719,9742.22482161586
45,604,5d554977-82d6-43a0-8c16-20dc1c5bb949,8865920.24462891,34870.4125375468
46,605,09df21a2-25c5-4215-9215-cc9ea45e38a2,19090151.8916016,59076.9776403144
47,609,76e6b7c0-76c0-49fe-9eaa-c343de335f83,12102623.6806641,61129.7465785927
48,612,7da2fd78-a633-4aaa-8bc7-81794ac435d0,9705210.5534668,44643.8992747529
49,614,4dfbdd88-3075-486e-a18c-2ff62da43d7e,17022566.5673828,49559.1382873944
50,619,2b532288-113a-4ffa-b05f-0cb804a7c910,10516269.8654785,44350.6543425044
51,621,6dd923d1-c648-4cf8-b685-a17cc41fd54c,7120968.37597656,47350.3823052073
52,623,1da4eb55-3cc3-4a61-8caf-46cb8d99371e,8249822.18945313,53679.5943777305
53,626,ef066752-51d5-442e-8f3d-167a11dad1fc,7151888.90795898,31000.7122911652
54,629,fcb1ddfa-0758-4b99-be7b-4a347e71704c,4182599.2277832,28892.9759155746
55,631,de4062e0-9fe5-42c9-9fc6-bd7207cad33d,2165738.00634766,15182.3303794724
56,634,e7e010eb-b48f-4c73-ad6b-06cb28dddea6,5436937.58642578,33791.0760318985
57,635,d3e3944e-3ee7-4914-a8ce-c2044819dff7,605012.443847656,10295.5194196747
58,637,14238e27-3438-4ac8-90c4-66f02906350d,14805687.7988281,76168.1905035814
59,639,297c7f03-7f77-4065-8a1e-c439c2e2ab46,2829708.62280273,31127.3580864384
60,641,3d6a7dbe-30f4-48e7-bdac-d273779ccdd3,7354062.56469727,62818.8415990094
61,643,7dd9dbea-106f-4fca-a8b8-633ebac4e270,5748527.26049805,50545.8984283265
62,649,6ce6dc56-fe47-4e0f-b868-f2e9ba85dc22,2554953.84985352,22903.670638739
63,653,fc8a77b0-6590-4cee-9dbf-4a0699d596ae,4055866.90454102,65450.8104253687
64,654,6ffb4ded-47d3-4d91-9f25-808b597f7ead,9881544.98999023,62642.575878576
65,655,464348de-d5db-4a36-95bf-e598a910ed86,21186538.2258301,61718.8718652834
66,656,135adb14-7039-41e8-a363-b36d6c2ec544,4234067.46850586,18326.6521149947
67,657,ba24ba3f-251d-4f45-bddc-c60d793e6f75,9073887.92578125,45402.0570612862
68,658,5bdcbfa7-194f-45bd-a3ef-70353987ad76,1809254.38061523,10755.7564168997
69,660,303f73e4-588b-4eaa-afb2-ef0b215079f1,7182938.10083008,36221.3811210411
70,661,1d33810e-a561-42f3-9535-13374a89fd34,13914645.828125,92150.3046995303
71,662,c268b18e-1af3-486f-989b-f6f4a9e55117,7200338.71582031,46615.049378232
72,663,1c347392-27e4-426a-beb0-0735a9ff86b0,4374196.7019043,45472.7899284707
73,664,caf7ec49-3ea8-4072-887a-98e110191e4e,2594986.68237305,27327.4507084375
74,665,c63461eb-4c43-465f-896e-7d12aaaa402b,785298.378662109,12418.9190383481
75,1000,d0f49c0c-ad12-41d5-8cb6-34e44b2fe6dd,366712292.898682,583301.055098757
76,1001,ddc15bec-fdae-4972-be66-173ecf8acf84,1107932.39892578,8168.72521573107
77,1002,904ab83f-7ed3-4024-869b-9eda06c768f3,3161099.8371582,12328.3732395843
78,2000,f972c62a-7dae-4dbc-aa5a-742e4581d5ee,330827541.669922,694976.654315377
79,2050,66889c89-5a42-467b-a877-fbed90d956a3,2384200.40917969,8135.30964684001
80,2100,b1347a95-2d7f-4d75-a3f2-22ca3f3a887c,3310773.49389648,17450.6404979007
81,2150,f76305ae-5013-408d-aedf-7e9a0dcb8d44,4040699.10400391,17621.454805286
82,2200,4be08397-be64-48f1-88bb-0ff072d4bfb9,1812761.84301758,12796.5285558656
83,3000,2e41cef4-84c0-4557-8fd9-182df68a81bf,308428465.953369,628197.485644114
84,3100,152ab067-869f-49af-ac22-8533b7068ccd,1117433.47729492,7503.98927456357
85,3150,96fefb6a-d3c8-4a9d-9808-45438093aaba,1435588.7644043,13095.8070352094
86,3200,e99e665f-7ac4-4ecd-84bb-c5686d9e0891,2599268.87792969,11172.1039646167
87,3250,12414ea2-ec4a-4480-b8dc-ac8df1ddadfb,473874.814941406,2993.96647756074
88,4000,97ea038e-909f-49f9-8ad5-9f56d95d9300,387713142.03833,793935.143186905
89,4150,eb8bab55-1c4d-4378-9a96-b81780a9e5be,21080548.3635254,48469.9444337577
90,4250,0a8077c2-d19d-4593-a963-54a3bbf31fa4,15020301.4743652,49782.4318650649
91,4300,a4a86faa-ba6f-4fd6-90af-c2c06cf0c54a,1547359.71606445,11990.4619015495
92,5000,1c10b57f-8761-4af5-b417-7dc801eb7a14,127192166.603516,252236.639022723
93,5050,4ef9abb7-f94c-4c99-9557-e6f303eed321,6844779.70117188,13710.7077242513
94,5100,c6af94fa-1bdb-427b-b900-56ceada929ce,9786407.8293457,59267.1595180099
95,5150,4e24ad5c-afb2-4f53-88cb-d2c8910a2ac0,8026893.80786133,30031.4467810535
96,5151,6919d66e-57c6-430b-9abe-a8b494bec96b,544812.782958984,3611.99966661208
97,5152,2c901d16-a016-4749-bc55-b5c94854c64a,312576.425292969,3127.34776636373
98,5200,2d9ce2df-00b5-465a-9d52-4140687924c1,1657721.69824219,11282.7644357758
99,5250,322aaf5e-d983-4a64-9311-a7acf4b12c6f,3672540.74633789,11287.7224964822
100,5300,d2ef8e4c-f182-4c0d-b03c-04f52d413839,1418937.20947266,4873.75558865427
101,5350,930cfa41-4467-4ddc-94e1-ae0af58fe0c6,6215257.73950195,23588.1421713048
102,5400,443b81ec-f3df-4b0e-8f28-fcf2dcc3705f,2168193.76904297,7378.0613156871
103,5450,6105e2c0-395d-486b-b4ff-735536aafd8f,913104.153564453,4081.28139275499
104,5500,df5381f9-3826-45db-974f-e3a8299aa804,882174.998535156,4349.79615766038
105,5550,1bc97aca-19cb-418d-82b5-75efc012ca4c,1522344.68383789,9652.93581196634
106,5600,1982277f-e4ec-4ee5-b062-fa6ca9585bc3,1722725.34375,9082.51125036066
107,5650,f3474a5e-573f-4142-9efd-f24a96aee248,8578167.1706543,48721.5322287829
108,5700,02b52ffc-9b8a-4374-a465-84fa44ec6408,10685304.0769043,32742.9665392238
109,5701,d28e51f9-a471-4ae6-a45a-1f649d47fdcb,143332.298095703,2635.53190568091
110,5750,c849f966-8456-4d6e-9bd4-d7418cec6863,6079114.41552734,16722.1505092647
111,5850,26131d5b-9c0e-4474-a573-e99ae59ae94b,49468.6589355469,2578.3064202405
112,5900,ce32b5b6-06ae-4728-ba03-e1f2b891d469,1361378.015625,7589.51447164933
113,5901,1a3f9eac-9627-4a4a-93f1-4937d7482e56,1863123.69555664,10469.6612648879
114,5950,22310a2d-10d8-4c67-ad70-ce46ca93d5c1,1566074.39697266,6001.54932500993
115,6000,28c620bd-810f-444f-b8a9-f774cfa04b8e,336443125.481201,678819.644952271
116,6050,569ecaa8-e21e-4380-b27c-b45c88094bfc,7048313.51489258,33164.1995968651
117,6051,6752d9f7-569b-450e-b4a4-4a43a4171375,833372.433837891,5861.95986690108
118,7000,3014b96f-1eed-415e-b5fc-5ebf40723ea1,395017755.986816,620913.019310545
119,7100,21aaf1fd-3855-46f0-8d41-bead909acb23,108024246.761719,128584.030545675
120,7300,b5f8ec0c-ee56-4a07-a6d1-6049053b627c,10873025.2321777,36481.5356183326
121,8000,af5e7447-2b89-4791-a84c-e878e7d1c4ea,374183349.422363,839978.700150019
122,8050,54855b06-7e0b-4c90-a674-e69ff38e4a49,3806040.390625,23843.9086897131
123,8100,701c2201-5a5e-4f80-807b-9b81d920beac,3578483.11425781,10089.282454149
124,8150,d2db2a19-c8c5-49b1-8f99-975c66fa926f,1773173.85302734,9801.56099120803
125,8200,5ad8adf2-dca2-4d11-8e2b-0b3500327213,6396773.11230469,20284.681018306
126,8250,21bffe9b-1277-43aa-8077-d240f2ed94ad,3577929.1081543,9207.50282559691
127,8251,45c4300a-3adf-4a62-b653-990ded769cba,2375317.0949707,9211.43893619982
128,8260,9fa5dec5-8486-4674-b638-1588b568f470,1331705.98461914,6647.36707231001
129,8270,d1ca4453-48b9-4ce8-a7fd-4f97612b1b83,3747472.17382813,21434.1185661343
130,8280,970f0dcd-136d-44b8-af92-b6466b3cf613,2713053.77563477,7343.83185856154
131,8290,4675b732-f548-4ce0-ba24-22909d27f10c,11672466.9553223,35898.8057934209
132,8300,f8a1756b-a2b1-4ad0-b7f1-cf4cbe4b638c,1146166.37280273,7084.25983141353
133,9000,dbcb6769-230a-4691-b23e-6e56dc70f855,151387268.372803,276949.217197546
134,9010,e10897a7-0c28-4d70-91ff-97639f628d62,5199206.28222656,17547.1176386016
135,9040,1e6ceeab-ea87-4af1-b7a0-124031cc6b8b,24470406.8837891,80072.9385162425
136,9050,057d8c8d-23a6-4630-8c4a-8e98e4e3f7c4,9506356.68359375,20109.6270224885
137,9110,e14b767b-9b31-4b6f-8b24-14d40a09aa7d,107167242.071289,212269.729204466
138,9130,310c3382-92f0-4462-a5e8-937659da3ef1,4441182.23803711,15472.8997784739
139,9140,fd07b3cb-c0b4-4e3f-ac0f-3a6c599b8062,10977197.7556152,23171.253308372
140,9150,78304144-c4ca-4043-9f3f-0ae356ae5f2d,14867167.3972168,32023.7104738474
141,9160,fca9bb42-22fe-40ad-bf2d-a0f08cd29c7b,5593073.18603516,14930.4942887162
142,9200,1e52a5e9-b149-4558-9145-c94f9a360d01,3684800.66040039,24265.5193563271
143,9250,bae6187d-e814-4d20-870b-099aa58dcb1c,1246443.88623047,8638.84812107381
144,9300,b38a955a-14b0-43c6-a38a-20935efa377a,5797118.7019043,19254.2422042559
145,9350,b05f4d7f-e470-41ff-9ba6-fd8c96c14229,3046258.15307617,14924.4823205492
146,9400,dc6ca175-a1b7-4d06-9d1a-3b4cf7003d40,5229704.20825195,29150.3772613904
147,9401,8221fd3f-7431-4eef-a72a-903fa539a830,12944747.3735352,45756.9522361761
148,9402,132c3106-78e9-4cfa-8b2e-2960b16990ca,3900961.64648438,23543.5760560716
149,9403,21858886-5bbd-4ccb-8081-fb0d1fff86c6,3125400.34472656,12194.9680210988
150,9404,d4a7729c-d692-4c5e-b316-16fd0f313448,2781993.31787109,22436.1107446752
151,9410,7a73bf9a-d188-48cf-95bb-858125a0780a,7636397.91650391,28026.1553437465
152,9992,2b2aaf1d-9afb-4322-8948-00cf64f61da9,26398.8842773438,671.451229135068
153,9999,94115659-0ee0-4eb3-b8dd-0af8104bf985,23149.6530761719,608.660108187182
154,11000,320bf8ef-e708-43ea-8f88-8da967106746,500305319.184082,687067.607893282
155,11050,16b9bd69-9a64-4e1c-9c6d-3cae7c9077b6,16465056.3293457,66658.3777303692
156,11051,759dca50-f686-4786-94f1-81f4b458ac9d,3234620.61767578,13552.7431008926
157,11052,1d8b1af2-8a09-4411-9ae5-abbaa27dc418,1431156.64233398,6191.01848720891
158,11100,a8227476-7bfb-4b6b-99c7-66e1c8c36515,443547.395751953,4098.86352805045
159,12050,197f4e67-e5ae-4388-a8d2-ec5da87fad46,449670364.009766,780660.79081165
160,12100,6158996f-1120-4ce9-87ec-a773810b355b,17850040.2910156,55918.0602242662
161,13000,5feeaa1d-59b8-4872-a9e1-4f82ccabbf90,303159821.867676,694401.146885214
162,13010,eacabe2c-2c36-4bff-b17a-b363d29dc5cf,24618470.9885254,54025.6200298419
163,13020,4b5939c1-5dcf-46ee-9745-d6ba39188b78,3294804.37939453,16599.4210660522
164,13030,1ceccd66-9fcd-43a1-a966-145b8ed69a99,23556208.8459473,51346.6249992464
165,13060,a666db89-0e3b-4f20-a4ac-2f5792f24526,8050020.61572266,34601.1387480233
166,13070,6fa288c2-1458-46e5-9aa6-56c9070cdca9,6705627.09570313,11627.0143164483
167,13080,afd46390-97aa-4b80-8afa-ceac78581bd2,11128431.0080566,17909.2101530689
168,13091,fb0ada05-6e05-414e-ad74-864ab17e94f5,10704190.3190918,49291.8379177367
169,13092,9409dd97-8e43-4fb2-a7d9-4f02fe1010f3,6158981.22119141,32869.2575648456
170,13093,7fc40a47-7170-4a75-a4f4-cbc7034ff124,9301711.21386719,26218.894071217
171,13100,1d3af3ea-431b-4cb8-8160-31228230b424,3762931.2175293,9923.86186961517
172,13110,542cb3d2-dc29-4fb5-9fa8-51794bfdf03d,857657.731201172,6178.7050876117
173,13120,d3b93fe2-6714-4107-a952-6785c3988bc7,3903360.42504883,9237.75217557309
174,13150,549641b1-48f7-4cdf-8462-51f03297d556,629282.950195313,3198.19687279149
175,13160,8a2357ed-4966-4cb6-a964-17a597177b81,2326979.33691406,10132.7597342763
176,14000,6a8c765f-86fb-4b60-8aaa-7f8592185011,1618625.35205078,7788.69087939295
177,14050,889516cc-934b-4c7b-9f49-e79490335dec,2840819.86743164,15536.4343927718
178,14060,b3cb0beb-1da3-45d0-9ba8-d210aa92f0cc,4490486.92456055,13996.2253970673
179,14100,1a711244-22c7-4a57-8c93-490bf292eb8f,4362766.74951172,19753.5602745933
180,14150,dd75d3eb-cd54-4d75-b9bd-9aab218d87d9,5124709.41503906,18909.9612847358
181,14160,e88e0a37-28bc-4153-a07d-da5b469bf819,609050.250976563,3793.02487234569
182,14170,54778c43-b50b-474f-8149-9b48de7488fd,1120048.34619141,6291.31214275532
183,14190,91302c3b-fc19-4524-b46e-434359ab1de8,727691.064208984,9337.16167682754
184,14200,f3870ad1-000d-4156-b3e5-4fc44a0443c4,3144772.88720703,14939.072256418
185,14250,b0df4f73-301b-43bf-87ba-8f77508a40c3,4836098.64477539,35659.7475027256
186,14300,9d4ad981-d3df-48ef-bd65-43e1347d575f,5321783.74194336,27036.2176144685
187,14350,befbd14f-9ef7-498e-b3f2-70abbde90da5,1317337.4362793,15863.876432828
188,15000,846f7e3f-454c-442c-a25e-ba0b7ea143b2,410699019.687988,751608.867006328
189,15002,ab150d88-fd45-43f9-ad28-929ccebc0ae1,1287244.96069336,7505.48444939766
190,15050,43ac3f51-168b-4b89-a544-7ae96675585a,1763629.23510742,9649.31635359659
191,15100,1d17cbf8-0880-4cee-aa7d-36e984fe8b0d,3523222.76196289,14181.668848497
192,16000,a0b1fa66-7580-4ca2-ac7b-95259ea1a9a8,442363960.634766,795651.972427863
193,16001,2e197a49-605a-4a8d-bb2f-a1dff6f0e9d2,41685163.0893555,123882.961631451
194,16051,f5127d99-c28f-4028-9a8f-d5df77f43d1a,3653994.96557617,16077.6291430637
195,16100,41f80854-3a49-4268-bf12-89a6c96a7187,5925796.8762207,21786.3324568981
196,16150,d260f5fd-cb11-4d72-8abe-5bb8aefbb113,9956821.08227539,37353.3801369361
197,16200,97cd0ce0-be8a-4761-ba68-d823aade2092,6928766.06958008,41546.0748218298
198,16204,8445608c-3736-42f1-b937-0c4bdb97b22d,6927289.31542969,30722.9632860333
199,17000,95708617-7a91-4e6e-87d7-ad6ddbc79e09,270648805.657471,598613.54569225
200,17030,fddc12a0-fe55-4184-a914-16485cfe3714,65966799.4929199,193038.929786584
201,17080,f7e77661-3165-4ee1-9421-ca73a29752a9,17147774.9147949,58107.6960743471
202,17140,04d5dff7-bf4f-4af2-b8dc-c2f8bd4dd788,9815108.79003906,37095.8487815507
203,17150,3b2c6f21-d359-45be-b087-70b4a7a2746a,13230575.4223633,25050.1546924052
204,17153,83099835-8f8d-4681-9325-67f5cf13ce1d,23840575.9289551,44266.212388234
205,17160,9f846100-9e15-4408-9faf-e634ddf03d14,16418333.5061035,29096.3309581903
206,17500,b7fad1b3-573c-44d7-9daf-b0da20e46de6,13330979.3015137,41900.4672382896
207,17510,f189212d-55ef-482b-b8ac-fe682508fa8c,32586636.8911133,94954.2615179877
208,17560,ffc68eaf-0ff2-49cf-af8e-82adbeabc7fb,9687392.58374023,47545.2279704192
209,17570,044aa21c-df35-464d-b72a-f9c25822ce2c,18309582.8845215,75558.8469664445
210,17571,f7b07e53-06c6-4cff-bcef-5b0f5f499b77,4951111.65014648,35980.1663965608
211,19000,2fe5dceb-a7ce-497a-aa4c-127207b1508d,397463453.217529,780094.408146696
212,19100,e238fee8-8c08-4618-a870-40b0c8a68142,51065801.4782715,179400.053652866
213,19101,48fd4142-7120-49fe-a71b-ab66dceb39e3,2085531.22216797,13296.8445333451
214,20000,6f1d4ca6-3a0f-48f3-bbbb-a4b7319bcd8c,230324508.236816,465413.079816238
215,20001,a1881aa6-e475-44f7-b6d0-0b6360c4b4cf,30371947.4008789,89403.1392567949
216,20100,9a057ea8-b2b5-4794-9a17-36ab4e0ff211,4491879.80395508,25260.461545137
217,20151,3ca8681a-92ce-4b56-b74c-b5a2b19d7470,12876671.8842773,55539.5020844968
218,20350,e9763401-c1d7-451a-bccf-ecfcbb1a5516,10540836.1967773,43012.8181516595
219,30050,7d51258a-385d-4e5d-b399-a7926367940b,3622528.72216797,10323.1989304856
220,30100,6062ec19-484f-4e36-b9d9-29c9c4db2ee7,5394495.85449219,17764.3657101846
221,30150,466de90f-92f7-4360-9890-263345a2e343,937200.873535156,4645.63011584692
222,30151,335c4877-9539-4218-8476-ec55c66570c6,1058202.52416992,4972.28010996986
223,30200,9187ee62-cfa6-4f43-a2e1-c78cc8ca125b,4387998.07421875,19928.2992728912
224,30210,eb06e8c9-735b-4455-ac41-e6cc4d592b73,1181482.79760742,4892.03112961598
225,30230,c6387749-9a60-41c7-85eb-ff3b579c29b3,349395.505126953,2440.00518973654
226,30250,8edad7b7-27bc-4b48-81bd-bf84ef984a11,2564636.11547852,13202.1544655103
227,30300,d4cd2cc3-8733-40b8-9ca5-d43e7a3eac38,5892418.04663086,13163.9124902982
228,30350,c3dbf49a-d764-4a38-af62-9ff3ce96d06c,2607261.55566406,7341.92959823901
229,30400,62ee44d2-4358-45dc-b37f-ceb0841a36d4,1370045.84790039,4750.21369533437
230,30450,f0333f61-ced3-4e71-9b83-9bd4e97acfcd,7248134.51928711,11586.9633829488
231,30460,4a94e27e-e2b6-4db7-839d-d92b0d940c71,2541277.99902344,7292.35130819473
232,30500,b17465e6-203e-48ae-9173-52f3606526cc,4938497.71533203,17919.5489779056
233,30550,b504cac6-8b50-4152-9f51-4539ff8931b6,12454219.1862793,35461.0353495472
234,30551,c971927b-1eb5-4966-9216-276d28318934,1528890.03173828,8066.35249076695
235,30600,4f097dcc-0312-4245-b709-b6909386be6f,2417645.8137207,10871.3864544012
236,30650,6c4d535e-48f0-4946-9cf8-861e740d6542,520991.527832031,3220.14038482133
237,40050,e5b3cc9b-2e17-4bff-8213-0f6271ab4920,7466369.90161133,21203.6329810685
238,40100,87616fcf-93cf-41e5-8e04-ce470a66a1af,1081936.57788086,4544.40832791276
239,40150,d108418e-208a-4e4b-9615-9003378544b1,995611.081298828,10001.6761613124
240,40200,e54e6060-ed77-4dde-af07-23627f8d86c5,5188193.78979492,12538.6933407924
241,40230,61c421dd-9c01-4190-9723-e89d2d09f019,13201710.6728516,64923.6590038086
242,40250,a5e62486-b090-4106-af2e-c8a383a6c557,11581189.3850098,65534.4195877569
243,40300,a3db5c5e-dbba-418d-9a1b-06139862bc4c,3550998.31689453,12223.0883261905
244,40350,f80bcc8c-de4e-42a5-8015-d7d6b31bfba6,1738613.00854492,7106.48676032192
245,40400,74b4dd15-b9cb-4bd3-93d1-b218dce2a362,1458200.10961914,5293.43304918799
246,40450,60b3de66-9b39-4d97-84bb-2020fccfd5a3,1150390.94067383,10955.4791385152
247,40451,0d3ae720-d185-4058-9697-1640a8767343,309053.494384766,5830.83988761418
248,40500,4d84100e-5af0-414b-81fc-a5d8849048b6,3538287.63623047,14839.5226124147
249,40550,218a39d9-38fb-4740-85cd-64a6019207cb,437976.116455078,2878.36979068661
250,40600,61e4bbbc-0ad7-49ab-8da3-6f2e04f8b168,12355047.2548828,30648.5628278238
251,40601,9717704b-a490-4288-97fc-284ca7810afe,716502.061523438,3597.51696148947
252,40650,609e666c-7fc5-4d70-915f-99ee0e34ec70,6452023.89550781,18806.787771552
253,40700,35747671-283b-4a03-9338-55cace382efd,2141029.46044922,7683.11943509046
254,40730,cdd1fcf6-7c7a-4959-a034-6c9a006d6b3f,3807891.40478516,15256.2250876739
255,40750,a688a3df-ecf6-41eb-81b3-7d661a0af246,6846393.02172852,20416.3405382415
256,40751,adf8efed-0c1a-4c82-9d0b-b82761f2582c,522726.958007813,8457.63075580964
257,40760,83caf3ae-a27d-460e-8209-a195c4f68550,582061.929199219,3748.18339102692
258,40800,ecf483f6-8ee4-4dce-9d03-c625902e17f7,837793.271240234,4095.2198228887
259,40850,cc433ad9-b63d-4838-87ea-d3c8f9f1223b,1530681.5534668,6032.56103405879
260,40900,da633233-3530-4c10-a47d-8af0222b6292,10304886.7924805,21388.2229801981
261,40901,f7cdaba3-cae9-466c-a6ea-72a6bef821f2,865767.176269531,4106.02830917183
262,40920,86d922df-344c-4b6a-91d5-74593fd09f56,635918.961181641,3713.79551135157
263,40950,15e614ca-1f6d-451e-a17a-2e88cab526c5,2253226.65771484,7531.24201057513
264,40951,f847e01c-43a1-400f-96fa-6f18c77a3083,374877.771240234,2490.715744573
265,41000,a6f37e9b-4720-497f-acaa-0dc86fad0029,1196979.07666016,5104.06507357147
266,41050,de61a900-a1d0-472d-9be7-6147c4fb9810,3210936.32470703,13070.9009614755
267,41100,5e01d3ca-40a7-416e-8019-7782ccd40d66,599475.492919922,3443.69685933358
268,41150,4dcfc85e-b378-4504-996e-bee99d30b954,1822891.70629883,7215.5805152761
269,41160,d4ebad25-5541-4dde-9681-88e71ba582fb,414163.268066406,5229.2979764036
270,41170,770123e0-6c5d-4909-9aec-102d1f043442,582020.790527344,4301.39345399641
271,41200,9b4e4501-ec9b-4f6f-be01-1acad81fd08f,4646577.65283203,12677.8823126038
272,41250,263c031b-c961-4731-b2a9-d15ccadcfd02,3057311.44873047,12702.3552534432
273,41300,599637d0-42ed-4e60-8797-1e3d0e33d36f,2359599.30688477,6881.27678284383
274,41350,531a4bb1-e4d7-4b13-9ffd-ab6bf604064b,3022271.74243164,9341.69016329059
275,41400,3ba154d1-594c-475c-822c-7de9d6d9eae9,2452237.96606445,6968.32172831183
276,41450,f9e8ea2a-5b7e-4bbf-baca-c9bbaba97e17,1159383.31494141,5061.16856285131
277,41500,d6026342-4e9f-429f-8232-7d3eac9b3d75,1147742.6418457,4628.1030251312
278,41550,e93f14f6-ad0e-4cf1-aba8-cb6d54e3965a,2711276.6003418,13350.3340734013
279,41600,a709282a-8a97-4b2e-af81-c5aaa3bd19e6,2248640.17773438,7365.0564488798
280,41650,8f0ea574-6be3-48f2-baad-9d31d7c776d8,6256919.58300781,22332.7457609785
281,41700,5a129713-3b96-4d08-9d13-ca9cbb700af0,679433.700683594,3352.08750214974
282,41750,5f4c9ab2-a8e2-4fa7-86a4-091c4bfd514a,4184951.80786133,12600.7220316437
283,41800,1bf489bb-883c-4370-ab4b-933b2c537754,1477868.07885742,5388.51342259688
284,41850,43b3e633-4d38-4f45-96df-ed346bacf20f,1214554.2109375,5011.00705898512
285,41900,ec3666c4-fae7-4b36-9338-3ed209809f33,483767.723876953,3764.72439248959
286,41950,36fd9715-644a-475a-ae0d-57e051106cf9,1707731.59130859,5779.03589310365
287,42000,2f7b4748-2e0c-4e95-ba7e-290ac7c3cf01,5913161.16088867,10254.7251926306
288,42050,760ee2c0-8561-4aba-8fc2-dfd7a0cda85b,5367062.13256836,20075.9498933383
289,42100,0f034b8b-efc4-44d0-b445-8d55bbbd5c90,3126055.63623047,8936.82166364591
290,42150,95d75225-e092-4959-869e-6589eaff06b5,424961.187255859,3089.84524027475
291,42200,4cd073a1-6084-44b0-a258-1b023f8ffe49,1037255.88793945,8645.720852106
292,42250,9b17cca2-72f5-4881-a8ab-442d52452214,3009158.02587891,14328.784551032
293,42350,e3d4243c-3e87-4565-aa1d-94746c483ef2,1227312.91235352,6333.35942652731
294,42400,e41d6c2d-2d18-41fc-bdb6-f61ed0513da7,1153351.98266602,8325.87891666384
295,42450,2c88a91b-6712-4196-842b-135ee5f954ba,502228.471435547,6342.08909076845
296,42500,ff0ff281-bb42-4842-8ad9-5fb0f7d4e682,1698906.34765625,6772.35191647302
297,42550,1063d945-2793-4ab6-b19f-240c86bf29fe,1717184.36572266,8157.66063067069
298,42600,ba77ce4a-c1ff-4565-8d4a-48ae03ab18a8,1131134.16943359,7193.55742695918
299,42650,55c314ef-4a5f-45eb-95b9-639818b345d7,861166.064941406,5072.71226714262
300,42700,ef2e2932-cece-4ea1-b2e1-47ffa9aa1b7d,1096882.28564453,5798.91154641591
301,42750,40ecdda5-4f9c-434f-a3f8-0c798e5cbaee,6971212.0246582,20221.7187898763
302,42751,070fc6db-142e-439a-a3e9-36242c627bd2,147426.735351563,1847.65857466296
303,42800,eaf6950b-b371-4fa0-b62c-f87997a67da8,12410498.3935547,30148.9027716138
304,42850,bc326fbc-6087-4f97-88a3-9ccf55bfa38c,9420155.23779297,34448.0340888024
305,42900,43e4fe1f-3a3e-412b-bc94-33eb15b8b713,7849337.24291992,28341.494316609
306,42901,d844156e-3181-41e5-8926-ba0d7721f1e3,1042024.00610352,4771.51360040119
307,42950,1bdb2d5a-ce0a-40c7-a142-4f5f062e5696,2069343.48486328,6400.96651804802
308,43000,c7d32ec5-cdbc-44fa-9ebe-a44818c2fbd7,5628848.67578125,15181.3187011164
309,43050,3cb78022-cc7e-494e-a743-29e822e68732,2718440.18652344,7949.79803251491
310,43100,42f8f583-9a86-4bf2-8642-c15db427c74f,828084.567382813,3747.62448511986
311,43150,e308b205-d295-44ad-8414-ce48558ba126,2585708.44775391,14630.0367294666
312,43200,3bc0ea01-6d8b-41b8-bb3d-b46a8a567834,1517175.89428711,8029.52790559722
313,43250,b0605a37-93c7-4dec-9945-99d11e9e9d60,811426.281738281,4682.92691969307
314,43300,f0e503c3-4bf7-4083-87ea-46f8c2a1ae52,1269873.04492188,9357.66183777281
315,43350,5bc99201-6daf-456a-b526-651090134d47,1244217.66625977,7190.74801882165
316,43400,123d9645-7513-46fc-95e2-9d5b765d37e0,1308082.35644531,5138.98267136519
317,43401,286406b9-2f97-49d0-95fa-0783ea3159cc,1434044.17675781,5717.6660731716
318,43450,586659ab-3d91-4668-b6b9-9d354b9f61a5,2096051.36450195,8323.98745908411
319,43500,c1fc55a0-06d4-4c29-87a3-5b276d7fd59f,1009476.53320313,4406.93280532726
320,43550,0e06f856-a807-492f-805a-3e7e374c925b,686602.160644531,3975.27982501555
321,43600,74c18d16-e255-419b-bc3a-9b7f8ede3f6d,682975.125732422,6363.9424359247
322,43650,13d3e0af-6867-4aac-b395-f0746e83ccb0,966772.544189453,4541.61177214845
323,43700,c7b46e6d-d9b2-4b6d-ba05-a1e2b4048239,2011332.95751953,7362.57114845714
324,43750,56ac8752-8494-4def-8012-604c03c119c8,1804117.63183594,9433.49112986266
325,43800,ab1c2d01-7f52-4386-a82c-a2a49cb37428,2346166.73193359,11000.8042415696
326,43801,4854da47-0220-4b97-aa22-112bb4967ace,414943.614257813,3291.17448148278
327,43802,ddefde1e-e1ed-48e6-9204-e21d7a9d9141,298647.166748047,2718.31671998772
328,43850,17b4b054-fdf5-4720-816c-1cec0ac63547,2093839.27197266,7765.05751209239
329,43900,4816e3f7-bb48-4535-be7d-a53d63ffb1e6,1370766.29541016,9439.34968470488
330,43950,b5cc3407-f9be-4482-a9b3-a8f2e3937baa,2543720.57885742,10513.0167522015
331,44000,c4499c26-0f0c-4180-9b54-73f118e83d02,2019450.16333008,7933.36689622127
332,44050,912e5461-dbdd-405e-9c47-2cff383206d6,615239.750488281,4972.42847767212
333,44100,b0a1d8a5-6b37-4d17-8bf0-57f48e226095,3268928.82788086,9276.88068788411
334,44150,6f9ae344-38fc-497c-abc2-033ec3439c90,6591891.81030273,22272.0485582896
335,44200,e99ecc9b-5b58-41d7-bf6f-1d707872646a,5355064.22412109,16582.8916265999
336,44250,8c2b896f-f0f4-4eaf-a77b-b8fac6a9208e,598861.685058594,5311.82183816796
337,44300,3e0d55aa-acc1-43c9-88fb-43cd599b15a5,491606.216308594,4386.7420424049
338,44350,70155a08-dc73-4cfc-996f-7cd8ad214b78,1551839.19824219,6659.83107616646
339,44400,f7d63660-7504-48b4-95c7-4a4920d65f0b,1633606.89526367,7248.04264486851
340,44402,2ed098d1-c3e7-4085-b423-70f8ba3c526f,384485.166015625,3691.40207306617
341,44450,94699136-1873-4335-8cab-994c281379db,7474331.06616211,33811.3329556149
342,44451,9eff7261-29c4-43e5-b340-ecb7ed30eae8,4541403.5534668,29151.0177157194
343,44452,98b3b0a6-8293-47d7-8b57-0b760290c482,4891489.29614258,47289.4804244237
344,44500,e22edf8e-56bd-40f0-b319-113f929837cd,3063202.57080078,8131.81726412439
345,44530,9f2ff2c6-21e1-4d1c-8e0c-4dda985cbe2f,690209.017089844,4023.15910579907
346,44531,c0dab1b0-2d9d-4a05-8ca5-0e313a2dcad8,289417.126464844,2894.44261896717
347,44540,b36d2a64-5bad-442e-a4ff-8e5fb5b18560,2915704.56347656,13131.8428673038
348,44550,dd7af6f2-0814-411f-bea3-e7ba310b8404,4766392.22119141,15180.3183578812
349,44551,54b12996-857b-4eea-ab00-615ae0bc0fba,2856551.8112793,16224.9277953531
350,44600,dc1ff3c7-b1af-477c-ab78-a834a5bf4be2,6448326.17773438,15882.9852758713
351,44601,49bcd1de-89a4-49b0-aafb-bad004e23ae7,5813916.65966797,15928.6796188239
352,44602,f4bc9a72-4b6f-41b5-b42c-cedf2db3ed32,4310131.82421875,13162.054674992
353,44650,dfc06a77-920f-4e92-8a3a-1f45e1c391aa,3354232.21191406,14311.118187884
354,44700,a1e1fd49-f2f9-4b9e-a02a-ec6b33e10034,2146634.34350586,12183.2404035014
355,44750,438b9998-7b5e-428e-82b1-7fedf91e07ab,1122441.72363281,6914.02789346689
356,44800,6f3675e6-3e45-4573-94ac-6fcef380c80d,2342831.40527344,13253.1306494691
357,44850,f8759f48-fd03-402a-9e07-bf358a3adf88,991494.706298828,6229.80157119662
358,44900,1d94bea2-dd5e-42c0-a94b-8abe08bfc694,1012590.41650391,4494.91247128688
359,44950,afa31162-b9a0-4fa5-92ab-2e2c3fbe6422,5574639.84179688,19352.3718492807
360,44951,530add0a-e8bf-4150-a154-90500620ed34,860431.165283203,4148.53204172583
361,44952,55612065-8f7f-4f6b-b02f-f978a29f64a4,4626963.86938477,15132.3992878104
362,45000,1d512499-0291-4b99-9010-7579b9fc1e15,1592265.51855469,6773.28573244104
363,45050,69d6b031-8f83-46eb-aa99-3c967dce07e0,2890072.97094727,10237.1352380137
364,45100,4a4590bc-a687-4df3-b2ad-572b421823e8,3859827.56323242,11798.8396876766
365,45150,70dfdb2c-2d25-48a4-ac4b-d09bc05e2c31,3857203.09399414,13872.7322092116
366,45200,8279c848-f8e6-46d9-bab9-2ec6da361b82,1004393.12329102,4291.03457857292
367,45250,3847bb97-09c4-4e8e-bffd-2fcf88a028eb,5084930.84057617,12826.0858707799
368,45300,bab21534-9704-41fa-bd00-8d8d52a5dca8,3733370.14916992,17106.4809531802
369,45301,6018ee58-3ddb-41e7-ad75-2169c6c93fe8,444948.147705078,2780.9403069358
370,45350,1f9acb26-1517-419a-9f9f-63da222ed7b2,2619634.31420898,10043.4622374819
371,45400,aea26eea-bfe0-4cb2-946a-063251a04e50,5785610.50048828,20099.984494305
372,45450,f1a795ee-2155-4a82-a386-012f9bc6e504,4263792.6628418,11774.5396207312
373,45500,f6179b92-7dcc-406d-acd1-23660e794cd2,2122309.82055664,10935.4884090884
374,45550,923a82a3-4b74-4480-b481-fabbc387d257,5860155.9309082,27789.9582712185
375,45560,bbea3ca2-3d02-46ac-8a0f-d2fe67ddff89,3447420.44506836,20268.4418133047
376,45600,e98a55b4-30cd-47f7-9b73-905d08d9265b,3718844.24047852,27121.3607890731
377,45601,2c286403-c54a-444d-8f98-20001607f347,161121.899902344,2951.40367730491
378,45602,93d81e84-573d-4413-8db1-20a47a3592d1,926151.318115234,8772.7808137632
379,45640,ae31c155-087d-4792-806d-9a3e3a1890e9,554298.387207031,5136.02108699262
380,45650,fd767cc8-c68e-4aba-bbc0-1585ad0463ad,12034133.5576172,75631.0308367058
381,45651,ac8334fe-57eb-4595-9120-069f0546cd25,1368973.40307617,10897.5731256464
382,45652,753fcc5f-19f3-447e-88ad-c41b9e7e8201,529651.991210938,3944.22344609047
383,45653,c9f0baa6-05ca-455d-aab2-6905f75bb6a5,3377667.11401367,13140.60848362
384,45654,69769c69-621e-43ca-814a-9adda1f3db89,12062049.9489746,44394.2461744972
385,45655,7ac7677b-6d3a-48cb-8e32-63779f79762b,7689273.77148438,29838.2744922726
386,45660,75165971-5be3-42f9-be5b-93c35da22bc8,605948.157226563,3407.63887448516
387,45700,222e34fe-ccaf-4675-b787-5cc9f1836687,2551784.76269531,15295.9493819228
388,45750,9a7daeea-d0f5-4da7-b518-ae800eb0bd93,2006061.36889648,8811.28042620937
389,45800,a5fbdd7e-e970-4e73-9738-f5d4ab61275c,6447275.15820313,53428.2473824369
390,45801,d78b43fa-df54-4114-adfe-be34feed1989,5994421.69506836,30054.3187042649
391,45850,9fa8d36b-7210-4787-a457-82062cb2de0c,1148985.90332031,42502.0662540854
392,45950,99f01865-752e-4ad7-9b2b-272809c3d90d,2955967.98291016,9438.06070734522
393,45951,83375acf-2490-4ac4-b562-486258b2703f,1920181.55224609,11801.6966761759
394,46000,7306139a-3adb-4fbb-84ad-c989372dd360,342403.7734375,2298.42074016173
395,46050,eb5bc6dc-f8b0-4706-a51b-c9e7f6619ae0,320334.724121094,3423.57862072421
396,50050,0f0e002a-de87-42c7-bc74-9438827b2ff9,6232045.98657227,26200.7337118507
397,50100,232996a6-10ba-46d1-8ec4-4740e4d85e74,8232940.01538086,29029.2312038053
398,50150,50622ebc-1b92-48eb-ba89-3ad8445b0933,8072632.59863281,26220.2120639151
399,50260,ba661cdf-c724-4502-8f19-56365a8fc744,124380.549316406,4476.41174674394
400,50430,54d6ece1-25d9-4ee8-ad6c-cb2636f8fe92,280889.487548828,4396.57357342432
401,50490,c0cae3f4-433a-40c0-99d1-8e43bc6c3458,379321.553466797,2762.96222936069
402,50570,985a216c-694b-4a73-85de-95213866bf4d,154575.982910156,2888.88932950657
403,50620,74576bc2-5da3-41a5-a79a-cfbc0d13f7fb,272455.240478516,2870.73952570537
404,50690,126136be-93cc-4abd-99d1-663bd36a84e6,585809.787109375,3394.38919527507
405,50790,592ac6bd-eb6b-4d4a-906c-862473fef163,360579.299072266,3013.63560618751
406,50800,2daa742e-1c8b-414b-b273-19909f60e81c,157756.580810547,2657.86971174321
407,50850,a19cae9c-8769-4133-884e-8dc433ffa81c,54403.0402832031,1575.37547615127
408,50860,16418a3e-8ca2-4144-a578-fc248c9cc819,264464.045166016,4259.97100384584
409,50920,318b63a5-f247-4892-af58-78e707b3f341,39793.4255371094,929.464219517626
410,99992,d3312f89-0300-48ec-8fe8-375731e65c76,1134772194.58398,4067114.93455505
411,99999,d4f77bb4-f9f2-4f93-b107-426c3d1ff8d4,7839094146.98047,11623807.4647264
