OBJECTID,Form,Id,ORIG_FID,GlobalID,Shape__Area,Shape__Length
1,Agriculture,1,1,34d5a991-a4f5-4ac1-bc9e-28e56c8082ea,216178.94140625,2002.20620984226
2,Agriculture,1,1,0b37dc51-81b9-4794-b807-095f7292ef9e,584633925.925293,240523.615096109
3,Agriculture,1,1,cc558a9f-e072-40f5-b473-4b26f2db3798,22503071.6953125,23191.7682297408
4,Agriculture,1,1,6833ad1a-a261-40af-900f-cde29117f5b3,854307607.130127,200250.774566155
5,Agriculture,1,1,8518fd87-3ccd-40cd-b780-0848123882e8,93.390869140625,70.6803629484267
6,Agriculture,1,1,046fcca4-5ab0-4dd0-9418-24d020089cc5,135176550.339844,73943.0819841726
7,Agriculture,1,1,1aed24b3-fba0-451c-9986-544ee2a1d364,70.23046875,5369.78451130381
8,Agriculture,1,1,3489cfe5-75d4-40cf-bb92-043d015fd4a9,54.0029296875,261.672493377948
9,Agriculture,1,1,166c18a2-df1d-45cd-941b-45d7ea2032de,4077788010.31299,1113129.20398288
10,Agriculture,1,1,501e6ecc-1c96-4656-9202-1395261e12b9,439893219.30542,139956.158589546
11,Agriculture Preservation,1,1,e4bd704f-4c4b-4c77-b446-7fc031ff19b6,40320805.4482422,34801.9367230367
12,Agriculture Preservation,1,1,013c1d52-ff3d-40ba-83ba-1c0f08c75cb7,586.852783203125,1180.11165090449
13,Agriculture Preservation,1,1,0c51f22b-e544-41bd-b633-afc6eecfcebe,23.364501953125,586.470019106508
14,Agriculture Preservation,1,1,f3d0fe90-7fdd-4c61-a96f-e28a2278af26,759415537.876953,261194.283637129
15,Agriculture Preservation,1,1,9a7014f2-cb4a-4cfa-90d2-16cdf7b8ea5f,45684955.9697266,42290.4157822962
16,Agriculture Preservation,1,1,941272b7-8799-4abf-819d-7495d5843772,140263851.727539,82251.1573026666
17,Agriculture Preservation,1,1,03aa7e5c-1d7c-4399-828e-10f14d5f450d,6135481597.51807,656253.883069247
18,Interchange,1,1,6a9c493e-31c9-4953-8db6-8369e815de87,31423019.6308594,25437.5022355845
19,Interchange,1,1,3677f8eb-c054-4084-ac37-acffb60c188a,15551924.7836914,15816.2469363561
20,Interchange,1,1,d4f055d8-5522-439d-a209-8292b080035e,12062536.9443359,19070.5424554978
21,Interchange,1,1,f10ed4cb-8319-46b8-9d2d-67697550d2e3,5294226.35668945,13914.5071891471
22,Rural,1,1,ab4a541a-a69e-4cff-b5e8-7f3334383a84,38673194.362793,25635.5243180134
23,Rural,1,1,4607c164-dc86-4fad-9b1c-c886bb46ec6e,319878.229492188,2882.09937840001
24,Rural,1,1,14c87b94-b1ad-479f-a5af-eb840c16a8ea,14706.2536621094,592.380488377
25,Rural,1,1,7e99bd76-fe5c-4057-917c-ee3342fe49a7,28375802.4165039,31152.6063924765
26,Rural,1,1,d1caefeb-f127-4eb9-963c-c719803c22c8,217896369.695313,109785.006672833
27,Rural,1,1,b67a2023-979c-49c3-a050-1712e04b9401,9409362.02856445,13573.9208183936
28,Rural,1,1,07ef199d-018e-47f4-b914-2da7e2e95c67,1165025.25610352,4417.64804598807
29,Rural,1,1,46fa712d-dad3-48f6-9cc5-c28cc642a083,3105099.83081055,7173.96927480477
30,Rural,1,1,20962fda-e70a-4919-ad81-a9d94480343f,34393652.9614258,42902.6535816092
31,Rural,1,1,74d19118-66b3-4bd2-88aa-ea1db4223efa,14345197.6069336,18931.8163555714
32,Rural,1,1,e2b85a0e-5b38-431c-89ac-b9ff3a63747d,69361156.2680664,62462.8399134425
33,Rural,1,1,9f612868-04cf-4fd6-b2c6-7cb3c1a3d30f,606456830.354248,196630.36360864
34,Rural,1,1,c5ad643f-6724-4e4d-bacd-02a7d32acdc3,8843093.15234375,13364.1163797642
35,Rural,1,1,d0a9f90a-0348-467b-b883-a4a225067f19,4060735.56616211,9289.52276595337
36,Rural,1,1,8628fb6b-ac64-45c9-9036-2631aab28508,70172413.0068359,37354.0614622552
37,Rural,1,1,5c354264-35b8-43c5-a453-2ab8c9bf24b4,142038627.882813,117611.507824984
38,Rural,1,1,02e40dd3-2433-42ae-932e-1646d677b1d5,2496212.73071289,7594.12441593206
39,Rural,1,1,d09946f8-2215-4969-9c3b-5246ef2697dd,4224979.98364258,9231.6233006833
40,Rural,1,1,612860ec-5ef1-43fb-a06d-49bd83e04e73,6430808.2590332,12596.2045997678
41,Rural,1,1,b98dbe18-7044-422a-bc7a-95e5e2dcf65f,1965262.67382813,7269.99588961308
42,Rural,1,1,83604ee5-78ca-45d5-9eb2-1bb255412151,2132707.25073242,8507.88571038327
43,Rural,1,1,472ced15-aa6b-484a-976a-25ab9cb9fbc9,854480.943847656,3871.87676406835
44,Rural,1,1,0f4f1f1b-08a9-4a1f-814d-04b55f1f853a,1508426.59985352,5856.29410260156
45,Urban,1,1,3948a026-1b9d-48f7-9ea1-c33ffd1c47e4,80383018.2375488,55969.8716941491
46,Urban,1,1,cf831b81-bbf5-4aef-be76-79fcf50746a4,14217877.0686035,25772.5463468134
47,Urban,1,1,a91986be-0630-409b-808a-b9475a6a18d4,30.939697265625,31.8130773124993
48,Urban,1,1,e953f435-02d5-45f4-8a57-08ab3d6248a9,14322911.0100098,21219.1142236366
49,Urban,1,1,1dc5a9c3-5389-4d31-8120-b769838c51f9,1402256.02050781,9020.68581707267
50,Urban,1,1,cee4f1f7-fde3-4733-b950-d65305381fc4,19449152.3098145,26309.4294638508
51,Urban,1,1,eeb8ac18-f893-4c8f-8ae4-a8f4980ef32f,1200956.41308594,8152.96775684982
52,Urban,1,1,afa51938-6d4d-4062-8292-78dff1016c88,8373823.52148438,16914.3884475681
53,Urban,1,1,59f0e290-9455-4ec9-8eeb-56745e5c111a,995331.564697266,4473.18189622066
54,Urban,1,1,fa9cee1c-d7f4-4ef5-b27d-0ee490a46e6d,6079223.02075195,17865.4518220116
55,Urban,1,1,ee5757e3-bb30-448a-9846-5a7d428bba4c,70106046.1433105,48457.0339502825
56,Urban,1,1,dedf6440-12e0-4055-82d5-86f37c0de492,185920.178466797,2394.73120567399
57,Urban,1,1,0c7ab734-96d1-4d4e-b445-491678c4d4f5,434025.184570313,2725.03745384385
58,Urban,1,1,4824ce4f-0561-4ad1-b611-c60e5c2f4de8,73294.4057617188,1151.51998351974
59,Urban,1,1,5b0084c5-2d22-433f-8cfa-8bd14ae68ac4,17666627.6774902,30153.049786495
60,Urban,1,1,743f008a-81fe-42ce-9a9e-acbda5d6467a,2188633.21362305,8002.99260326601
61,Urban,1,1,c1e2902e-3f8c-4ed8-b888-01272fcad790,1106418.34765625,6402.79542852858
62,Urban,1,1,4a686908-cc52-4db7-86ef-a0acb54cb2d5,205841.905517578,1977.15968064181
63,Urban,1,1,33e44252-a8e9-4185-8c41-7e140cb8b84e,26436.166015625,652.512284332363
64,Urban,1,1,9cc632a9-bf44-4fad-92ec-a6d8a5d28035,130029469.669189,144258.975030435
65,Urban,1,1,9d42b908-1eec-4464-be94-176dd7121bb1,80271.5229492188,1296.77413208825
66,Urban,1,1,89cb4c31-3976-40c9-8b5f-85ee3b731035,175984.336425781,1680.0113527503
67,Urban,1,1,844a422d-457d-47da-98df-7b4b3f140052,427958.618652344,3236.22615784421
68,Urban,1,1,bac96beb-93d1-43ce-a566-8a3786369f71,40819014.5981445,56196.9701005445
69,Urban,1,1,ad6ad68d-c4e8-4b56-b8b9-1530c98090ea,18378645.0043945,25473.725384605
70,Urban,1,1,5d8f0601-7a4e-49db-bf00-c093d7893660,143544.17578125,3682.60215875487
71,Urban,1,1,7c76b298-11b0-4778-a680-9fa6cdd832d8,9822574.64501953,22999.1631990446
72,Urban,1,1,848f6d14-a9db-4ce3-aedf-cec0a99134da,3050943.70263672,7626.20327126602
73,Urban,1,1,530eede7-3f52-40d6-bc41-0a31707cd40d,42312492.3261719,34214.2908874559
74,Urban,1,1,d5466b2b-240e-4341-ba36-3cabede44f2d,660.304443359375,106.039546029952
75,Urban,1,1,97eb2780-f948-4b78-8375-81289e9da5e3,671972.365478516,3873.18557485659
76,Urban,1,1,f6609afb-bd3e-4f8d-8a99-297b159f83c3,6725749.71679688,12563.9987375862
77,Urban Municipal Limits,1,1,dd2c4a24-e95c-4021-a65a-1e1ed6de291f,4651618.66967773,12693.7152817649
78,Urban Municipal Limits,1,1,6e47cd42-c733-4166-93cc-44e8ce7668de,169243.196044922,1705.29864132229
79,Urban Municipal Limits,1,1,4653660a-8c73-4820-b91a-2ec4c9f2cf09,16167442.3005371,24422.1684872082
80,Urban Municipal Limits,1,1,e2bbca3f-c49a-43dd-a42f-fe96ec55ffce,1655279844.46191,598987.545516852
81,Urban Municipal Limits,1,1,a47c9020-0fb7-4c60-ac80-ba788beb56dc,156396801.511719,127272.064897741
82,Village,1,1,8506e054-d1ba-4cab-8c96-5b2e3d972599,14899019.9558105,37539.8260006438
83,Village,1,1,d2887c93-5d13-4ccf-a7e2-26baf2f0df07,2593091.5690918,9125.53102605208
84,Village,1,1,24bb87d5-66df-4336-9a18-48d789de7b1d,21879841.3027344,23768.9650420023
85,Village,1,1,7c663b31-eb80-4f64-87ea-03ec7b565e25,673638.481445313,3998.91293572445
86,Village,1,1,b60e600f-78a4-4bd4-b31b-2daebd18c5da,8675852.14599609,16105.1550483051
87,Village,1,1,a10e6e7d-ce06-4c3a-b1cb-9e8ae4db2a6a,2974873.13769531,7242.79988098178
88,Village,1,1,076ced68-9cc4-40b7-bd72-0c7b15d5a77d,70535.1574707031,1074.02758422259
89,Village,1,1,be5aa6a0-56db-4e8f-953c-81afce9bfc44,5112654.38696289,12902.6875318753
90,Village,1,1,8a71e7ff-196e-4726-b5e4-d90d3df61f3b,3611434.43774414,12285.3611251533
91,Village,1,1,018590ff-7861-4dc1-bf27-12f83d9c2789,751085.971435547,5821.91789279931
92,Village,1,1,3d37726a-6045-43f4-8c28-852f4a59209b,350063.145507813,2726.77691921565
93,Village,1,1,549c8295-0ae1-42c6-b117-38e8e678c433,3604550.11328125,16152.5746126753
94,Village,1,1,0145e372-674a-41b0-9aa6-ccce2f64b9fd,2349.224609375,1203.98739570828
95,Village,1,1,b2e1964a-9424-4ae2-85cb-e94065662595,20085183.1845703,35749.2585449372
96,Village,1,1,0fdc73a2-3b26-4cab-bc79-f1e7ae1c2c79,90534181.3383789,67954.3719308004
97,Village,1,1,2e92a2da-7873-4c0c-815a-6de924a4771e,7898319.87207031,12382.0368792004
98,Village,1,1,84a323e0-f2ae-4d9e-aae8-cf9148c73e88,248.4384765625,245.85150657562
99,Village,1,1,0cbdd467-4bf5-4f6f-a438-d62e6193c7ba,1889472.58325195,8986.29154863821
100,Village,1,1,7b31bff1-05c8-44a6-8858-63051fabbaf7,20363767.7692871,22970.9544405598
101,Village,1,1,1ef36d51-8d98-4277-9255-f4fe45c33420,18194416.6242676,35103.9555458737
102,Village Municipal Limits,1,1,802c2503-1c24-4fdc-92b0-235c4b91699d,37582235.4692383,27007.4155642933
103,Village Municipal Limits,1,1,5e6bccf8-4bb1-45e4-903f-f2dfefc8a751,25033507.6953125,29452.2682215775
104,Village Municipal Limits,1,1,7cbf8344-f70a-4bc7-a399-71387284e959,24550456.0983887,51706.6004990234
105,Village Municipal Limits,1,1,3e770e1e-cf2d-44e5-9176-c0f2958df593,4579663.28222656,9786.89292268243
106,Village Municipal Limits,1,1,4f0c3218-b333-45a7-96df-2e1681fb43a4,13294678.3989258,20563.7937786633
107,Village Municipal Limits,1,1,9ca257f6-402e-429a-97d5-3db6f440dd3e,53028002.1157227,69217.1782849301
108,Village Municipal Limits,1,1,b173acfb-dbf0-401e-94ff-7dc705c9ea6b,8506799.58740234,12977.683921524
109,Village Municipal Limits,1,1,f16e5f1e-92b3-484f-af2b-e66c8ab52440,44271724.1396484,36348.696987987
110,Village Municipal Limits,1,1,393f846e-e811-4500-98ea-25206915ab8f,20764552.7143555,39494.4046338155
111,Village Municipal Limits,1,1,8748f3ac-ee66-4b50-bd67-d7738a09413d,14221287.5979004,24652.1043641516
112,Village Municipal Limits,1,1,83862b30-494c-41d5-a70d-9344195e9846,46464155.083252,45646.3991781849
577,Unincorporated Center,1,1,75fb8fbf-59ae-4bc6-867e-f50fbf44b3a8,2529989.06689453,17277.8053307531
578,Unincorporated Center,1,1,b86c4f08-959f-425c-b065-2409fe51c519,793103.937255859,7832.82945139835
579,Unincorporated Center,1,1,7a5c7d94-69a1-4c3d-a433-e24274c2bec2,21294255.1635742,29083.3876551612
580,Unincorporated Center,1,1,c8dc0b57-7690-44c7-bd0d-338968d0462c,7795.66064453125,1213.48168215385
581,Unincorporated Center,1,1,e115f30d-5283-4e5e-b1ca-85f1fa239837,138289.720947266,1612.59566397194
582,Unincorporated Center,1,1,a49ef274-1596-4d78-8230-16cb5791e963,699111.129638672,3896.5815188928
583,Unincorporated Center,1,1,fe347b9f-d2b2-45f4-8afa-ade73da2dec0,1696826.41162109,6298.01347545033
584,Unincorporated Center,1,1,c34dc44c-05eb-473c-b541-331e851b8d79,2059502.45263672,6624.45209144024
585,Unincorporated Center,1,1,88f0c1be-e404-4254-b073-ce2948526af0,7753549.76025391,12422.5723013016
586,Unincorporated Center,1,1,37aeaf50-55ed-4469-8c7a-e3a3b979a9b3,4761021.72827148,9125.17225734795
587,Unincorporated Center,1,1,0e195dd8-18f5-4adc-b6c9-e83049c103d0,4456952.83227539,9600.03301676201
588,Unincorporated Center,1,1,d42d3c87-2ccd-4eb7-900e-cf38fee04a4d,871225.519287109,3785.17979249174
589,Unincorporated Center,1,1,014eb068-d00f-4944-bd85-b68ec8b8bcbf,4115044.83642578,8575.12301722645
590,Unincorporated Center,1,1,a9bc363f-a65c-4760-9f52-9287519fb9fb,21840731.3212891,24514.2598409576
591,Unincorporated Center,1,1,d55894c0-1079-4e53-86bc-d5a06adce6ba,4012252.91064453,9459.42926203952
592,Unincorporated Center,1,1,9b0471b0-5c89-4210-8469-c178e5e6797a,2873465.18041992,8225.28897149735
593,Unincorporated Center,1,1,cd5dc85d-0abe-4f49-9c6d-af451cf33e77,458110.466796875,2785.27985644019
594,Unincorporated Center,1,1,7b0f54c7-3a95-4491-a101-0560e9cdf8d0,6631982.73193359,12577.5875019285
595,Environmental Corridors,1,1,9105efd0-deca-4885-83d0-d581c5aced2d,449387.520019531,4425.75297792495
596,Environmental Corridors,1,1,9dba98b7-75bb-4d6d-86f4-312bde0b4da2,870592.323974609,5787.94086855799
597,Environmental Corridors,1,1,7c716fcd-a31a-4714-b1d7-f6f516cbb021,219099.554199219,2141.25077942488
598,Environmental Corridors,1,1,dd99e48d-13f3-45a9-9cd8-f68468391e3a,339736.535644531,3071.1774816486
599,Environmental Corridors,1,1,a9a536a6-285f-4bdf-9400-17444d3c3687,211217.509033203,2797.54705947431
600,Environmental Corridors,1,1,09bac2c2-2e8a-4b30-8230-bad742ae8950,197464.691650391,2413.18158370183
601,Environmental Corridors,1,1,f40793d1-9731-4ee1-9a27-c563053e848e,1211325.28710938,7736.58251758775
602,Environmental Corridors,1,1,81e7deea-56e1-4bd2-ab4e-c9f03862e1c5,264917.973632813,2694.79474414593
603,Environmental Corridors,1,1,e779fa6d-1ddc-40aa-8bdc-75f26d957049,2229316.96411133,10458.0144883931
604,Environmental Corridors,1,1,5e274c14-0653-4f69-bccd-840a31a7b701,10732.3295898438,941.688912278555
605,Environmental Corridors,1,1,c00e0f78-b9d6-4eaf-adc8-6b13b7039970,220555.174072266,2495.19210830192
606,Environmental Corridors,1,1,ff85aef9-c23a-42b2-b3ae-6722b6b13137,5469223.43530273,31498.6270763561
607,Environmental Corridors,1,1,8ac09cb9-d803-4b26-bc72-88224fbcc501,560342.728027344,4735.66835258399
608,Environmental Corridors,1,1,affe20e4-e773-4f74-9cb6-459904c7dd5a,608424.921142578,6747.93730245016
609,Environmental Corridors,1,1,508d942c-9474-483a-b04b-1d4db447c27c,3806.13671875,309.450163650084
610,Environmental Corridors,1,1,260fe239-1524-4351-baa4-c7e21f5baed8,19089.0246582031,569.735525570256
611,Environmental Corridors,1,1,b298c45e-d4c7-4b85-9447-33abdbb1da2c,402276.344726563,5782.17059214928
612,Environmental Corridors,1,1,1369ac19-87db-43ac-8b1a-3f8edda7639e,261514.057128906,2859.26290198803
613,Environmental Corridors,1,1,da247fa8-ac2d-40f4-9607-8658f521f0bc,584961.355224609,5678.515091179
614,Environmental Corridors,1,1,55027dcb-44f4-478f-a133-e902f335514b,16740559.0219727,83019.6293500269
615,Environmental Corridors,1,1,b83efa0c-ad5d-46d2-b491-db72183e34dd,224183.148193359,2613.94627632031
616,Environmental Corridors,1,1,6d054f46-0133-421c-8716-308a98250f99,477860.525146484,4035.5863654347
617,Environmental Corridors,1,1,2d411b6d-3bcc-40e0-b02a-b7d641d4f1e0,182333.584960938,1930.19066550656
618,Environmental Corridors,1,1,15bdb426-4941-46bb-8b7e-fe3702c573d3,923700.880126953,6599.53135397746
619,Environmental Corridors,1,1,c702152c-bf74-4a09-89cd-5d0725485df0,4213702.62744141,18844.899987403
620,Environmental Corridors,1,1,dd00c560-51f6-4d31-a4a2-305b46486a86,452774.444580078,3677.12422289133
621,Environmental Corridors,1,1,33e3578d-82af-4426-9f1a-eb999ea588fd,203592.683349609,1957.64871741665
622,Environmental Corridors,1,1,567e7664-b138-4763-a79a-d1dcc32e5a22,253369.446533203,2854.99501615766
623,Environmental Corridors,1,1,9570fae4-b1b0-41fb-b775-c48e396e2c71,613640.084716797,5852.9734755634
624,Environmental Corridors,1,1,d1391105-41ff-4946-a2c3-bf4e35ce2094,865205.829589844,4951.99539703503
625,Environmental Corridors,1,1,4a315b18-2715-424a-9413-4e3bc37fce4d,196947.813720703,2937.58026985124
626,Environmental Corridors,1,1,f029f53a-12d1-4303-a91b-cf657d0bfa29,526870.031738281,4403.35364723553
627,Environmental Corridors,1,1,ed5d6b40-94c9-4d7b-b642-8df031d56cba,308.440673828125,88.9115372187675
628,Environmental Corridors,1,1,8c3f591b-6fde-45b2-9c15-67e2962fdc53,32111.5710449219,932.434993219273
629,Environmental Corridors,1,1,61008065-1aab-451f-a887-0f7915835cd0,255888.97265625,2636.00417685644
630,Environmental Corridors,1,1,af398331-e3a5-4a74-9cde-55981f2c2671,217271.252197266,2752.3805387893
631,Environmental Corridors,1,1,8f3232c6-3ce2-48d2-8c90-e0b58adbfd7e,5934.568359375,534.341158223518
632,Environmental Corridors,1,1,5d698d06-6283-463a-8298-2d83e3f5d885,16833.6765136719,603.939995134266
633,Environmental Corridors,1,1,18d0cf88-4f03-4e46-9493-c35fe747e851,334.314453125,141.841011769386
634,Environmental Corridors,1,1,3b317887-7d69-4d3a-8244-54013b7444fb,305097.252685547,2827.16554903168
635,Environmental Corridors,1,1,3edd1c0c-8ce0-4371-af86-c2031ef55332,260401.591796875,3229.70329655454
636,Environmental Corridors,1,1,8218c28e-92d6-4b95-a608-53a90ea156bb,138230.249755859,2220.26692017215
637,Environmental Corridors,1,1,332061bb-b231-4b68-8686-7072283f0499,133393.016601563,1919.43179260727
638,Environmental Corridors,1,1,b553fd25-21eb-4c71-bbbf-742b81498991,206300.383056641,3100.73145452693
639,Environmental Corridors,1,1,9fce7f2a-9470-4be3-bda3-9b6cbf168d65,39122.5959472656,901.456467961638
640,Environmental Corridors,1,1,ec657c11-48a6-42ce-b12a-f58b5576e634,1336847.46948242,12373.819309594
641,Environmental Corridors,1,1,cb11a0ee-cef8-4825-a564-d56c93cfe918,372.7392578125,132.253250272325
642,Environmental Corridors,1,1,b3366712-6155-46d9-8792-759bcf379fc9,1182847.8659668,6438.61028413818
643,Environmental Corridors,1,1,64ad8060-f349-45fc-a739-007648b33a6a,4515279.59594727,21841.1498603088
644,Environmental Corridors,1,1,46e6e94d-35a6-4459-9a38-fc22c4c2e269,351732.874511719,4132.18829012713
645,Environmental Corridors,1,1,2e304869-5b11-450f-bc2f-1dfb701dacb1,267693.866943359,3147.77205662379
646,Environmental Corridors,1,1,b3bb068e-af02-4238-b50f-dbeb8b9b2ab7,1518107.79882813,7346.1388516556
647,Environmental Corridors,1,1,c910cd58-8f39-4314-8398-38144a02f951,87377.6799316406,1933.29755341853
648,Environmental Corridors,1,1,d8bedd43-d0c6-49e2-b587-41725cca12b9,291075.493164063,3161.58891469337
649,Environmental Corridors,1,1,25079035-a65f-42e3-9eef-003769fe4dc5,2799.82983398438,370.265608029974
650,Environmental Corridors,1,1,7f782a8b-078c-402d-b2ad-290626ffca7e,638606.317871094,4526.85921493414
651,Environmental Corridors,1,1,9ddf8ec8-7055-4709-8a17-52ad0dac1144,15364.2192382813,740.397769096299
652,Environmental Corridors,1,1,2e8001fa-f6bc-4d0c-ab9b-2e4b24020cff,1233849.58422852,8674.56372384789
653,Environmental Corridors,1,1,dfee62ed-6ac4-4368-8a64-7f86ffbc3349,82243.5930175781,1497.27915804347
654,Environmental Corridors,1,1,d6d53b9c-c6ba-44fa-9eec-99d754bb94a2,818220.302001953,3901.6231247889
655,Environmental Corridors,1,1,9047823d-4093-4a7f-aa24-1e65313c4dbf,189607.935302734,2121.83765980897
656,Environmental Corridors,1,1,23f65dbb-8f73-46a8-9849-54109fa3a450,1404379.80004883,8598.59288892177
657,Environmental Corridors,1,1,25b018f0-8974-4c73-afb2-a6fb84ea1384,1089141.49804688,7565.38413291238
658,Environmental Corridors,1,1,6440d8a4-499a-4ab6-8f87-271bb566ba16,766099.923339844,5291.53076513055
659,Environmental Corridors,1,1,7099f12c-dfc5-4b97-830e-83e51a2c5564,187490.638916016,2252.09014977531
660,Environmental Corridors,1,1,efb5b8b9-3c04-4e84-b311-d7def4f69b26,3142807.00952148,17094.4291899761
661,Environmental Corridors,1,1,4252ffb0-737f-43c8-afc4-3152c96d2949,7943001.27929688,32692.3100537985
662,Environmental Corridors,1,1,505ecac9-0107-449a-a8c5-75c670b12f70,243055.569824219,2231.94744825363
663,Environmental Corridors,1,1,d2f40a69-d019-43ab-8e32-0b4a7fc10402,36134.455078125,973.307811766341
664,Environmental Corridors,1,1,434b389f-534c-40e6-adef-cf7b8e848f29,72722.3937988281,1461.72672607103
665,Environmental Corridors,1,1,d87e335d-1e0a-4256-b2db-b92bb97f09c4,2396605.11352539,15594.8086060549
666,Environmental Corridors,1,1,ee039812-a344-48b2-957c-9a22406c7f78,224012.072021484,2340.42202585139
667,Environmental Corridors,1,1,3a2cce46-e695-4a06-bf18-e911625b841a,599245.129882813,7560.59655183984
668,Environmental Corridors,1,1,8c40b177-011d-4711-b76f-69d59d5c3605,278231050.379395,237413.09529303
669,Environmental Corridors,1,1,596d899e-f977-4238-b2bb-beae928e9f56,624155.071533203,6005.46115005475
670,Environmental Corridors,1,1,3bfe142f-9908-4efe-b752-1e7fcab140eb,7979.45629882813,457.657553093851
671,Environmental Corridors,1,1,35eaf8e8-271c-42cd-b937-547ede358f99,9299.87475585938,444.408803978479
672,Environmental Corridors,1,1,2581ea15-75d0-4fe7-886f-369ff02d6bc7,543709.400878906,5190.15797972037
673,Environmental Corridors,1,1,6ce1f776-b029-48f4-ac7e-3f325a1e44dd,4812.75244140625,337.082083327737
674,Environmental Corridors,1,1,91ef9f2d-13b0-4e6e-b067-a54a80b286de,152820.340332031,1568.1707632787
675,Environmental Corridors,1,1,5ef44254-f90c-4e56-9058-4ac86d3d828b,211983.047851563,2264.36943792485
676,Environmental Corridors,1,1,62692d14-a400-453f-a3a0-4a72bf7210aa,208504.399169922,2141.84486586614
677,Environmental Corridors,1,1,f79a0c54-97f6-498e-a0fb-1c55c14aec8b,211502.784423828,3375.68816494352
678,Environmental Corridors,1,1,6af0c3db-a44f-4771-9af6-de34e47c0168,3801203.07568359,24917.8237804518
679,Environmental Corridors,1,1,adc5e6be-bb95-4a82-bd67-6e89d5e4f714,189083.276611328,3327.94643992381
680,Environmental Corridors,1,1,3bd78c8a-1112-4240-8d9e-cc879543655c,13419.7783203125,685.54415184424
681,Environmental Corridors,1,1,9fb76e77-5199-4dad-a8e3-1557dbe947b1,598645.464599609,4495.62578702695
682,Environmental Corridors,1,1,aae62c3e-5b98-475e-a8f2-126ef0b630d1,3041.70776367188,416.636604635707
683,Environmental Corridors,1,1,f8c8dc11-aa48-48ed-b3cf-57c4e7420c83,27904.3576660156,955.494569861832
684,Environmental Corridors,1,1,79abac77-a911-45a4-8130-9acaab3ad6dd,768040.840820313,5788.6891086319
685,Environmental Corridors,1,1,b9597c62-9fc4-46d1-97cc-3bb97accf9e4,45622.5661621094,1036.03740879233
686,Environmental Corridors,1,1,5b65c616-df1c-4fcf-b056-b37a60093176,219490.636962891,2509.98996344526
687,Environmental Corridors,1,1,02c3e08c-055a-4cea-818c-7f47e4c66af7,46730.2639160156,1449.86020766394
688,Environmental Corridors,1,1,5a9e1a6f-0675-4cee-a567-6469bbdb72f2,1485393.53442383,13771.6863291781
689,Environmental Corridors,1,1,cdf0673f-ad11-41e2-b46d-c4592d75e57f,324646.982421875,4251.07507471283
690,Environmental Corridors,1,1,af5622f9-0909-4d97-96ad-f25749e87452,514489.532958984,3820.21189788718
691,Environmental Corridors,1,1,9417caf1-0868-4956-951c-b63553305cd2,2507774.11547852,15798.7729102993
692,Environmental Corridors,1,1,9762e7a2-0f9d-4dfa-a372-2f8f179c5266,362181.535888672,4265.60560967406
693,Environmental Corridors,1,1,65be8793-9a01-400d-b9a2-eefe69c4680e,384435.12109375,3991.75676105709
694,Environmental Corridors,1,1,eb7dd090-2f9b-4ed4-977f-eebbddebd872,200982.297119141,2514.55426294012
695,Environmental Corridors,1,1,d3be3b21-33e4-479c-8b27-6737dfa306c9,783654.292236328,6419.21058622595
696,Environmental Corridors,1,1,66ee5b07-2a54-4205-a03a-de50a931706b,246620.8359375,3158.1333714647
697,Environmental Corridors,1,1,d86d9e52-13ac-4b16-abd8-97403d3f36f1,1653796.40917969,9655.25556233397
698,Environmental Corridors,1,1,39418ac6-2557-475d-a2fa-a9bc163e9cd3,182178.713867188,2514.18461764377
699,Environmental Corridors,1,1,c2472f7a-1872-499d-ae51-3f4e0354de91,286259.190917969,2578.28377058656
700,Environmental Corridors,1,1,09a2e742-d9d1-4539-a8c8-6aed2dcfbc78,210443.147460938,3118.51271477839
701,Environmental Corridors,1,1,15e0391e-97e7-44a2-a0d6-a14c51a9c263,401503.548339844,4593.8495321869
702,Environmental Corridors,1,1,7210ea04-1cad-42a7-8cfb-0696084749d9,2862469.27246094,20800.562069581
703,Environmental Corridors,1,1,9c8834ab-6187-4659-bda6-08ba721658f0,240696.285888672,2119.3672721887
704,Environmental Corridors,1,1,b391e60b-e0df-4634-8d76-f26d84631d9c,214770.467773438,2444.85782029841
705,Environmental Corridors,1,1,2efa731e-448c-4b4b-a0bd-d16b37ba2812,217662.858154297,2083.29096559657
706,Environmental Corridors,1,1,276c73af-0715-4a31-8bba-9d1d3658dd05,789069.005126953,5718.59319387308
707,Environmental Corridors,1,1,ebcb3b3a-9223-4abb-b736-2159eb8202ca,862081.453613281,6567.02489464714
708,Environmental Corridors,1,1,2b4d77ee-a31e-470d-8415-26551aadec4d,1106790.70458984,6404.00637397468
709,Environmental Corridors,1,1,d14670f6-be89-4598-856b-e5d515da8a6b,332275.499755859,3865.152557531
710,Environmental Corridors,1,1,aa6493e6-6fc4-43bc-85b6-1fddc8d402c4,1975038.98632813,7283.27135833454
711,Environmental Corridors,1,1,f2ba4cdb-2914-49ca-bc02-4bf539dab454,955.770263671875,212.980348870974
712,Environmental Corridors,1,1,46cacbcc-5fb6-45a8-a6b3-551644b0add6,726.095947265625,210.830886808928
713,Environmental Corridors,1,1,d48f99ec-6b7d-4d7a-b63f-28ac3a5a22b6,366288.270507813,3615.92998762739
714,Environmental Corridors,1,1,f3ee16cf-a6df-4902-b9db-4a7b5bce46b4,583389.156738281,6540.74415546777
715,Environmental Corridors,1,1,e150fa1c-7f2d-491e-9e7a-6ebb59e2f519,287715.434082031,2732.92094729869
716,Environmental Corridors,1,1,d11004f7-3b48-4302-9a85-91a189b581d6,241677.689208984,2240.94858929039
717,Environmental Corridors,1,1,a8b6c3e0-5243-4e3c-9fa6-247c5a3eaa47,2614858.55786133,15192.6044372207
718,Environmental Corridors,1,1,0e29bd8a-afb7-44d9-8330-50b3a6062814,207666.603515625,2371.37521208786
719,Environmental Corridors,1,1,303d4118-f7fb-4007-a5ac-16c3c60a0407,259984.236816406,3045.17051387943
720,Environmental Corridors,1,1,1764ca5e-55f4-4e03-bb10-a40c60bed61d,171744.644287109,2182.18978334995
721,Environmental Corridors,1,1,8b7a6582-f3fe-4546-85e4-b3ed30dcd3d5,52478.9702148438,1156.77055822156
722,Environmental Corridors,1,1,f8074f62-9c98-4b5f-92da-0180f0def818,230453.898681641,2834.75381209338
723,Environmental Corridors,1,1,64a1aafb-9b20-4340-ba2f-14561eea2a82,274236.871337891,2618.87712042049
724,Environmental Corridors,1,1,c7b8454f-0013-40e8-8bd1-460918a34b93,243152.984375,2645.326443314
725,Environmental Corridors,1,1,eb1cd363-2d97-423f-888a-29e838d63dd6,1089793.91552734,9085.47233340437
726,Environmental Corridors,1,1,8f0df57b-9343-4e16-9e54-6b91b22c00a0,330373.135253906,3086.32060830816
727,Environmental Corridors,1,1,f4c72098-add7-4d7e-936f-29eece5b8f02,1315600.59350586,9803.129003908
728,Environmental Corridors,1,1,126b3d7d-6aad-4774-8a43-bd74d6ffb4b9,362130.76953125,2741.75912842372
729,Environmental Corridors,1,1,f000b87e-63a6-41cd-a3a3-02412a4ba3b1,241775.905761719,3260.83363703486
730,Environmental Corridors,1,1,162aee26-b28b-4f12-b5a2-942b41235bca,2151935.95385742,12722.6361900987
731,Environmental Corridors,1,1,2ba6d304-f255-422d-bc78-efb3bac306c6,203397.332763672,2173.96190539482
732,Environmental Corridors,1,1,4a0e74a7-a7e7-48b6-af7a-7eb0dba80f54,274520.426269531,3409.02880861602
733,Environmental Corridors,1,1,f6dfbfbf-1951-47d1-a607-c24fbbcc14a7,1579997.60668945,9430.77682317644
734,Environmental Corridors,1,1,312dbbad-f096-430d-b7f3-34fc0d7e25b2,891656.907470703,5749.69825484911
735,Environmental Corridors,1,1,5c144d3b-3b23-45b6-a5e4-0905ffd8c9b7,373527.689208984,3197.72204748215
736,Environmental Corridors,1,1,39cf2635-4d6e-411b-8e24-c0747dbcc982,491466.043701172,5705.35141341628
737,Environmental Corridors,1,1,4fbddfbc-f36c-42c8-ad8a-97a336639853,256118.684082031,3053.37138803998
738,Environmental Corridors,1,1,38fd7885-275b-43d2-b349-c353ed927723,207205.430908203,1899.02379658266
739,Environmental Corridors,1,1,55784665-874e-4eb6-a778-09b681e1dff9,239401.677978516,2248.12113167577
740,Environmental Corridors,1,1,1639c57f-ad3e-472a-a2af-62ff5bdf6ce6,227549.773925781,3046.50191066271
741,Environmental Corridors,1,1,f4c91952-c9d8-45ed-b658-bdd15432a7c7,280813.243408203,4165.00809081971
742,Environmental Corridors,1,1,2db9bc1a-7e52-41a0-a298-e8bfbee173d9,2993974.52270508,11147.464361266
743,Environmental Corridors,1,1,85b1b6ce-9589-49f3-b6bf-1211ae0cfb0b,550976.91796875,4933.90657143318
744,Environmental Corridors,1,1,b32c87e6-b280-4cd4-adb9-af8f306b6bae,30317.3889160156,1031.72904892493
745,Environmental Corridors,1,1,942a26a4-526c-4878-bd40-82aff1a960bb,165211819.864502,644244.10061518
746,Environmental Corridors,1,1,d068950d-7445-4ec8-b4e7-b752e77ae739,618638.920654297,8192.84762861509
747,Environmental Corridors,1,1,caee21a9-755e-437a-af26-a46a24a4f062,851309.306640625,7022.91793189742
748,Environmental Corridors,1,1,cdb28b88-7174-496e-82b2-5756b6c05cdc,209264.520263672,3111.2475411288
749,Environmental Corridors,1,1,4c2f866b-14be-4f7a-87f7-3b06e87eec02,1817631.76220703,11313.4156339249
750,Environmental Corridors,1,1,8d6cd622-ef28-4fdb-94a8-b51887c230a6,771571.906982422,7175.63030295768
751,Environmental Corridors,1,1,dbc97d12-fc21-4478-84ea-eac6b46f11de,618601.043212891,4344.65916801955
752,Environmental Corridors,1,1,070e0a0c-7e5b-45f4-bce1-2b8df0a39260,207994.895507813,2099.82018018048
753,Environmental Corridors,1,1,573d67f6-9516-4e09-a4a0-40027fd49098,619.678955078125,240.116473844091
754,Environmental Corridors,1,1,3ab0df9b-929e-41a4-94dd-2a2e77baf1eb,20107.3046875,799.449952629762
755,Environmental Corridors,1,1,2d55c717-7ad5-47dc-8159-726bb6ee787d,14981.8527832031,1646.63891017571
756,Environmental Corridors,1,1,6f8715f7-c905-4f42-9229-e63e0c33f789,28620.5632324219,730.53674693278
757,Environmental Corridors,1,1,ab199a16-25fb-4649-8509-5d4c152da98f,291235.355712891,3333.29586157214
758,Environmental Corridors,1,1,2c917b5c-d26f-4123-ac82-4774c1ff2d84,2048182.52856445,13975.9735701205
759,Environmental Corridors,1,1,ae5e24e4-2934-474c-9c12-7917a95c9450,1065559.16845703,9231.18369438003
760,Environmental Corridors,1,1,899d6eca-0d57-449c-94bf-32c5950631b9,181824.482421875,2548.51730504117
761,Environmental Corridors,1,1,0a46428a-d089-432e-ae7a-41ecd34ecd47,2021950.93286133,9688.04242462252
762,Environmental Corridors,1,1,98f3cd4e-0c92-4f54-ac29-b535b66b4a8a,486292.5859375,5307.93588193666
763,Environmental Corridors,1,1,01da9408-d333-4a94-a22f-80349c21d0a7,2943023.05004883,17046.6317576504
764,Environmental Corridors,1,1,8bf5fffb-32c9-491d-aace-eb2aa8d8aa45,315043.192626953,2427.02229352739
765,Environmental Corridors,1,1,6413f1f7-7c4f-460b-969a-3de3190b10a1,182408.049072266,2209.82628127071
766,Environmental Corridors,1,1,c1f138ee-c027-4141-b96a-cccfd5d3b284,872697.838134766,8548.73533103556
767,Environmental Corridors,1,1,679b68b1-9a42-4bad-b556-5a229f179b0f,119404.355224609,1406.22474126176
768,Environmental Corridors,1,1,532e67f2-9dfa-4372-b717-ee319c18756b,1860915.0871582,13698.9179408792
769,Environmental Corridors,1,1,26338b5d-a401-46be-a637-80b1822c25b3,196144.28125,3060.12728161196
770,Environmental Corridors,1,1,e77e6e58-fadb-4bd0-8ce8-f243bb06894d,320320.578857422,2598.80280368181
771,Environmental Corridors,1,1,774f6563-069e-418c-a962-2b787ff36a90,238542.586669922,1935.98863131519
772,Environmental Corridors,1,1,908c6f46-0fbf-4c67-9b89-46bee6fac97b,3073424.28833008,15387.0300921148
773,Environmental Corridors,1,1,00493469-96f3-4250-b8df-53508a97c23e,198540.416259766,2439.88652366164
774,Environmental Corridors,1,1,58308d50-e8b8-4c95-a7dd-097792717ddd,193780.354003906,3508.83786189113
775,Environmental Corridors,1,1,f3ebe820-6f69-4c62-8b9f-1bef0f8c726f,2505724.81835938,19885.4673537297
776,Environmental Corridors,1,1,4fcaa9fe-e1d5-4309-a427-51ba93d5bc69,1857418.65942383,12744.9400415865
777,Environmental Corridors,1,1,7609a43f-d67e-40f6-9ae0-1503cf291e1d,541223.626953125,4299.88470479677
778,Environmental Corridors,1,1,52257213-3666-49db-933e-29a06a9b7ea3,175984.336425781,1680.0113527503
779,Environmental Corridors,1,1,f1500713-8c01-4665-920f-0d54c8379482,50743.9711914063,1032.30024277947
780,Environmental Corridors,1,1,35948c1c-5bd8-4808-a412-d5b3a2924523,410281.112304688,5239.45135379669
781,Environmental Corridors,1,1,0197fb8f-1594-4ba0-a061-33f3ed425eed,556360.790283203,3941.24697716536
782,Environmental Corridors,1,1,5f4e0955-4a02-4021-bccb-5910ae610929,205918.627441406,2572.259187776
783,Environmental Corridors,1,1,90095541-dd20-41f0-9059-defeb9f00d59,279484.430175781,2778.03716455542
784,Environmental Corridors,1,1,8a66dfaf-145b-4179-b6c2-3b186afbc31a,211211.142578125,2161.9733438738
785,Environmental Corridors,1,1,ee4b228e-696c-448c-9485-61897708a6c1,218981.175537109,2653.44332742451
786,Environmental Corridors,1,1,d8967f01-8668-43a4-98c3-2fcc50b53a34,461412.201171875,4734.23497180894
787,Environmental Corridors,1,1,41affb5f-7a2f-45b0-8455-8e00a57beec8,467241.729492188,3747.55804785617
788,Environmental Corridors,1,1,dc55174e-699c-4b3f-bb43-6e5557be943a,238663.192138672,3031.85832747892
789,Environmental Corridors,1,1,03136aea-16da-49bf-a229-372d5777e586,210166.369628906,2562.14762944678
790,Environmental Corridors,1,1,1a34b518-f60b-49cb-b745-563d13ce3de7,209048.019287109,2163.48083093345
791,Environmental Corridors,1,1,1a8c16bf-94ab-443a-b1f2-076a38599b50,318789.670654297,3244.07257127797
792,Environmental Corridors,1,1,b46d1ca7-5468-4b3e-ba3c-759722ff093a,380686.796386719,3962.50876437082
793,Environmental Corridors,1,1,406a1f6c-b4ff-4ee9-a9c9-4875cee7566d,1440564.83691406,9492.52945027954
794,Environmental Corridors,1,1,9b3019b0-5296-4f31-b39d-fbf6d0d2fd07,329440.752929688,3948.5848834139
795,Environmental Corridors,1,1,c459f617-9cc1-4b72-86b6-c379dc491b24,433362.673095703,4360.73895661208
796,Environmental Corridors,1,1,b93cc61e-a063-4da7-bc85-293ce57ea975,2588116.86181641,11039.2840480484
797,Environmental Corridors,1,1,a5b1fd6b-a88c-442b-8f6f-a308ddfd1ffa,186349.730224609,2307.63790973728
798,Environmental Corridors,1,1,04363695-ef47-4e9e-8d5d-89e96ae38996,491750.492431641,4190.87220658652
799,Environmental Corridors,1,1,a7e57e72-ab07-4a78-9645-677a711ccc4b,197838.280029297,2322.18034145019
800,Environmental Corridors,1,1,49101f1f-df02-429f-abc6-71faa641eeb0,9013.52856445313,499.802805400405
801,Environmental Corridors,1,1,cba70146-edcf-48a9-bece-cae8c8f49c2e,196382.929443359,2028.41384877122
802,Environmental Corridors,1,1,512ceff0-c6ce-40ea-85ef-c17ca059c4ba,217255.318115234,3090.52011538827
803,Environmental Corridors,1,1,0778182d-74d7-49a7-8bfe-369f4dcc4191,493181.386230469,3655.08032663067
804,Environmental Corridors,1,1,43eb4f66-9abb-4dab-826f-cd17f25144aa,362760.192626953,2844.13014252832
805,Environmental Corridors,1,1,96c938c2-8cb7-4b24-a683-d6e8de0aa2ea,352969.447265625,4041.64586500814
806,Environmental Corridors,1,1,8d27e0b6-b6ec-4dee-8135-7f374d039852,186517.773681641,2896.41409563952
807,Environmental Corridors,1,1,4031f90e-678b-41e0-a028-a25fd1ea2287,281704.130126953,3828.64096692819
808,Environmental Corridors,1,1,4fb38d15-c456-4d9d-9a04-9ad1f7f956ec,215015.725097656,3017.11548784133
809,Environmental Corridors,1,1,2514563c-5bb1-432d-8392-6f6e7f488d8c,29049.3962402344,1087.46506400212
810,Environmental Corridors,1,1,b24705a1-1d57-4f04-8379-d09104fb1846,12839915.0905762,104993.282085084
811,Environmental Corridors,1,1,5153a6e5-e948-41b6-acf1-74123b02d2b9,1505960.22094727,9989.10568917692
812,Environmental Corridors,1,1,af9e15c7-1d90-4c68-af20-57728cf46899,335146.564941406,2962.27390167376
813,Environmental Corridors,1,1,c9b92c1d-880d-44ee-8f71-61a4cc2cd1cf,277175.430664063,3679.37402339901
814,Environmental Corridors,1,1,da2fe849-eb4e-4d5d-95a8-7d04387ef7ab,620646.803222656,4649.32892069786
815,Environmental Corridors,1,1,8f1bb7af-c437-40c6-bd23-3f71f8617d15,711644.041015625,4037.38649143929
816,Environmental Corridors,1,1,83bbbd46-fa60-4e0d-b1ab-67ba9dcabb3d,252417.411621094,3176.88517838449
817,Environmental Corridors,1,1,d278dcea-a3b9-4b76-a444-4df88bffd51b,458334.757080078,5555.37556294943
818,Environmental Corridors,1,1,e4aeecf2-410b-4512-8290-a45d68f302d0,214532.569580078,3476.64838968417
819,Environmental Corridors,1,1,3b3c8fe3-1527-496c-90b8-83f9f3d77e8d,203636.678466797,3044.92904444556
820,Environmental Corridors,1,1,e482b8fd-25e0-4483-8d67-9820f42879f6,860081.904785156,7583.45651526329
821,Environmental Corridors,1,1,1c2bb76c-b3be-4b49-a6a0-30b136f957dc,220992.745361328,2658.8037990832
822,Environmental Corridors,1,1,e7d57e7c-e03d-4e6c-b68e-66390ba0b459,390357.537841797,3973.17332060009
823,Environmental Corridors,1,1,afb346fd-5cc9-4fcf-96ef-388d306e2ac6,751900.561035156,12874.3247138733
824,Environmental Corridors,1,1,5498a0ea-3dad-477d-9095-7467917aebcc,184039.411865234,2476.23474547039
825,Environmental Corridors,1,1,02ac4bfa-3c46-4551-858a-5dc9fd15aa28,221897.950439453,2178.31863069594
826,Environmental Corridors,1,1,9b362a51-7234-42cc-a175-3a10340fd78a,746484.536865234,9266.8923996211
827,Environmental Corridors,1,1,88136b09-2600-469e-ab23-54c3344c8245,505658.794189453,3397.76421670595
828,Environmental Corridors,1,1,e24129b7-a128-4e1b-8c0f-f61006aa1cd1,223782.355712891,2391.57315619745
829,Environmental Corridors,1,1,200595fd-5bd6-433d-9197-6abc6fb49b92,757219.282714844,6401.89493504053
830,Environmental Corridors,1,1,ece24c7a-3095-4715-8b9a-6bf0a9c3571b,9500.99853515625,581.676774266052
831,Environmental Corridors,1,1,0c23a4c9-55a3-4c41-ad70-db4a4a7206fa,506389.401611328,4276.71521836056
832,Environmental Corridors,1,1,06f20f15-9c64-4c50-8556-93966d0af9e1,551829.501220703,4454.78000913184
833,Environmental Corridors,1,1,2180ba4d-d140-46dc-9888-60597595e27e,367319.409667969,3806.01599512036
834,Environmental Corridors,1,1,6ccd8021-ef99-4cea-9195-eca4d08524a2,189100.611572266,2047.21937955197
835,Environmental Corridors,1,1,f6e64f5d-58a4-4c5b-bfd1-45a21a487887,697472.956298828,6174.81432553161
836,Environmental Corridors,1,1,f92f01d0-7eda-4356-96f8-158de043180b,196061.312255859,1900.72649946415
837,Environmental Corridors,1,1,1223e57b-08ea-45f1-bd99-9d7b7db353e0,213686.506347656,2870.51613341417
838,Environmental Corridors,1,1,222302cf-1e0f-4edb-91a0-3dd43e7cc957,445264.742431641,5087.81196037005
839,Environmental Corridors,1,1,803aa860-6590-4495-b7b2-003cef18f4ef,2000480.01513672,15808.8047883751
840,Environmental Corridors,1,1,3e6fe1b3-58bd-4dff-b72b-259f18b9289f,333075.135253906,3343.81212296857
841,Environmental Corridors,1,1,97b7a739-5a36-4800-92c4-d1ab93ab2169,954714.863525391,7226.41187735019
842,Environmental Corridors,1,1,84b5d084-ed65-46fb-9bea-0611bae68a04,301601.407470703,3151.34215167803
843,Environmental Corridors,1,1,12a3daec-f25a-4c11-8cb8-64daba157b5d,229299.109619141,2605.48509452042
844,Environmental Corridors,1,1,31b9a5de-1547-407e-927f-2de441d352dd,344968.136230469,3166.04079994003
845,Environmental Corridors,1,1,c22dc1f5-e987-4c9f-abf1-942d6fc6b092,202477.487548828,2694.44350619326
846,Environmental Corridors,1,1,fdf58c08-0277-459c-9683-34cdc747003a,768448.139892578,4803.4307170657
847,Environmental Corridors,1,1,0e6e8b9e-26b1-4c32-b927-6bd7a02287fb,8172879.26953125,42862.8772840797
848,Environmental Corridors,1,1,80a6db87-f758-4514-aa3b-748ba0c846d1,258099.834960938,4466.07675225337
849,Environmental Corridors,1,1,898f31c2-6f19-458b-ace9-f4e865dbc7d2,194925.16015625,2973.61728446981
850,Environmental Corridors,1,1,d36003aa-c001-4cea-b4a3-8f5947f9d468,2069.13623046875,218.682770428045
851,Environmental Corridors,1,1,58f3579c-b83c-45aa-904f-b2b86d1197c1,1999034.35375977,9614.92466419267
852,Environmental Corridors,1,1,98c99cdd-abdc-47c8-988e-94ff0033c00e,723701.392578125,6458.10085626001
853,Environmental Corridors,1,1,84aaf32a-49c0-439f-a9f9-0b67c3fb6a6f,14001.7770996094,1570.88052205847
854,Environmental Corridors,1,1,a2587f49-80e3-4715-b915-a623282fb9b4,2480.56420898438,250.692337767775
855,Environmental Corridors,1,1,c4dd5b85-03ce-4969-a981-a231590cf307,850181.620605469,7873.29330335036
856,Environmental Corridors,1,1,58945ba0-90a8-470d-87b1-c829362df3ea,740796.834472656,5165.32298465326
857,Environmental Corridors,1,1,8cd4141e-7073-4d72-9b90-6c8702accd5e,994.922607421875,128.1350424715
858,Environmental Corridors,1,1,f0cd9144-7f66-40a7-9c9d-1457ea873a71,461007.060546875,4313.80389378027
859,Environmental Corridors,1,1,cb74ffcf-89b9-48d4-aae4-75400a9f19b0,25291057.842041,46033.9735582073
860,Environmental Corridors,1,1,0fb9856a-456f-4380-8db2-7ea13776f3c0,3699494.2109375,18268.4281346456
861,Environmental Corridors,1,1,03dec9b1-167b-449a-9855-bf1eea870204,6119331.82226563,30703.3009306322
862,Environmental Corridors,1,1,7f24ad00-8a17-419d-8cde-41c48eac69a4,358826.868896484,2903.37010811893
863,Environmental Corridors,1,1,3f069c71-ae7d-4e30-bf1e-97db36788bac,398274.952880859,4559.60543666904
864,Environmental Corridors,1,1,cd7a126e-3dc6-48ef-8697-7459af5d058a,54991.7727050781,5389.68723685339
865,Environmental Corridors,1,1,7e1b88e2-2d55-4b02-aa8e-a29f75186429,343525.971923828,4173.09831734518
866,Environmental Corridors,1,1,2dadd10c-6370-4b25-b9da-b0fe752302b3,697386.322998047,5167.48590958056
867,Environmental Corridors,1,1,4b38efba-3342-4a96-b53a-00e00234741d,299517.6953125,2707.84119835408
868,Environmental Corridors,1,1,5ea98191-684b-4061-b2f5-abdee70768e4,21127.4860839844,737.549618630287
869,Environmental Corridors,1,1,8753e789-cc22-49e2-80c0-df329c936817,12773.3654785156,517.509848993113
870,Environmental Corridors,1,1,7504fbd7-61dc-450f-afdc-dcd5c96c96f2,3630745.69433594,25439.5845843062
871,Environmental Corridors,1,1,1c4bb9c2-f069-4a23-aadd-c8405b1df08b,946621.157226563,6709.89862558898
872,Environmental Corridors,1,1,6ec3e4e2-7f47-4dd6-aeb1-a3464c6c1755,255543.760253906,3011.27157706139
873,Environmental Corridors,1,1,9d9ca24a-779a-4a14-9fe5-ff2410fffaa3,217740.647216797,2846.03441436444
874,Environmental Corridors,1,1,13813538-b3ff-4785-9dda-1de209ad6b4e,230233.586425781,2496.42381669696
875,Environmental Corridors,1,1,acce39ea-ef6f-417f-a9d5-def94eb63483,318697.189697266,4047.16171071978
876,Environmental Corridors,1,1,8311b704-1ab5-42f9-9ed7-4cb7c02702ee,11694749.8740234,87311.302985642
877,Environmental Corridors,1,1,13326b9c-0ac0-4aa5-9b72-63145297b714,184675.414306641,2290.12355734982
878,Environmental Corridors,1,1,0a2a5b04-c42e-4e02-a38a-d39d5a1cfb31,222662.112060547,2239.76650131362
879,Environmental Corridors,1,1,34720561-0617-4459-85f3-837eeef3e87a,280676.244384766,2930.59994009894
880,Environmental Corridors,1,1,9d956746-3f2d-43b4-8985-be24d9d07ccd,237335.118408203,2602.18840670743
881,Environmental Corridors,1,1,fd738232-799d-4ba0-b3e1-9b9db1291344,555617.493652344,3899.88969973372
882,Environmental Corridors,1,1,5c4c0f5c-5f22-4278-a89a-c5e3a59fdb5f,5820.54760742188,377.402702097076
883,Environmental Corridors,1,1,4e430a3e-4ad7-460d-9bd8-85f17d8d3494,298734.505615234,2984.32713265023
884,Environmental Corridors,1,1,b284d586-25ae-4f59-9580-52eef18da42a,54513.0717773438,1151.48953991556
885,Environmental Corridors,1,1,f8ba1137-1c30-4698-b887-fe9d2ce697ad,307471.006835938,3378.24827130257
886,Environmental Corridors,1,1,22b7a61d-0ca3-4e55-b0be-5218143617fd,509758.851074219,4332.66205191732
887,Environmental Corridors,1,1,5df992b1-8a4f-498a-bc84-4e8a6197c260,273494.656005859,2187.07539093991
888,Environmental Corridors,1,1,ba5e516a-f1b8-4586-b740-c077dd2f77b1,37427.5603027344,1040.24095960853
889,Environmental Corridors,1,1,4a311402-7586-4106-96fe-6848c252ec53,13879601.7678223,73457.5433224256
890,Environmental Corridors,1,1,c08a83fc-52c8-4a6b-9636-e9c16ae58713,254186.561523438,2446.63711274901
891,Environmental Corridors,1,1,3775cf6f-4bd9-4a63-893e-bca4c089d690,265422.534912109,2528.33481103663
892,Environmental Corridors,1,1,62039a2c-3f7d-4852-8086-1410b24e2694,331068.108642578,3931.09495192273
893,Environmental Corridors,1,1,7db14237-5d71-412b-a22d-01305019881a,987295.533447266,7409.28198336763
894,Environmental Corridors,1,1,0fc7a33a-1d95-460b-8ca4-476f21b6e190,201265.242919922,2832.38665554161
895,Environmental Corridors,1,1,d2a6730c-b76d-40bc-8c5d-8ea0105d697e,74408.3791503906,4019.61272495076
896,Environmental Corridors,1,1,bde6dca5-bfe6-4b16-932c-83ecc7740d87,2189540.79467773,11525.6735743431
897,Environmental Corridors,1,1,4baf808f-f19d-4366-a06f-0ee3ef7bb639,694879.657958984,4868.06118417014
898,Environmental Corridors,1,1,f3559043-cc42-48fe-a607-7d75f0b24e94,222906.395019531,2386.96783433573
899,Environmental Corridors,1,1,be45d0be-62da-4c91-adad-57231bf4e794,50499.6713867188,1162.57231753934
900,Environmental Corridors,1,1,fe84e038-fa58-4e5f-aa5f-87990ba529e3,803254.350341797,6826.83387133347
901,Environmental Corridors,1,1,b05a9822-efe5-4fb9-aa00-382a11141c1f,4038135.29443359,22891.6810813497
902,Environmental Corridors,1,1,cc0a40de-930b-44eb-805f-faa307aebf9f,505558.927978516,3278.86658647294
903,Environmental Corridors,1,1,35c92f94-f601-4d26-9f43-c6b7c7bfe381,489434.965820313,4266.81007152033
904,Environmental Corridors,1,1,2a96fc9a-1c4b-477e-a602-878c95973417,603141.708251953,6174.6255089796
905,Environmental Corridors,1,1,d548bed3-d5ff-40f6-9d09-7fd0f3550e03,732172.449951172,7799.53515044774
906,Environmental Corridors,1,1,f5eab8ee-fe47-4ee9-9569-d5e3db2daeda,195404.666748047,2317.12834013689
907,Environmental Corridors,1,1,d318e536-673c-4420-9786-a509be7524fb,396184.549072266,2612.40187016912
908,Environmental Corridors,1,1,ca717191-f636-4b05-94b9-162c5ef498f8,1273070457.8999,4295131.93095094
909,Environmental Corridors,1,1,953b7f87-c377-46ca-bb4c-43cc37efc562,552907.737792969,4498.64438781171
910,Environmental Corridors,1,1,deaf010e-d758-4639-9cd8-6acc0f74b4f9,2532112.71386719,14667.3489350685
911,Environmental Corridors,1,1,cdcc59f1-a10b-44ef-97a6-50bb34f2be25,353449.3203125,4182.11389300578
912,Environmental Corridors,1,1,2e508c31-29c1-41f3-bf63-04536d66efbe,329286.322998047,4146.2016336574
913,Environmental Corridors,1,1,8ecd01d5-30cd-413e-b6f1-e6e5cb6e3ed1,314873.726806641,4327.94827319633
914,Environmental Corridors,1,1,069d88d3-855f-40b9-a3c5-4ea9b76659a1,227072.586669922,3094.52377943621
915,Environmental Corridors,1,1,ca5b10e9-1949-44fd-903a-6b53b7e2b246,345395.727539063,4007.78409249522
916,Environmental Corridors,1,1,f32a18c0-885b-4b9e-adb4-eb22f62f1435,23735448.5390625,115840.886147673
917,Environmental Corridors,1,1,9328b667-2a82-4b6a-9e0b-b18ee29b46e8,283012.139892578,2231.4601797702
918,Environmental Corridors,1,1,f53cb9ab-5e63-4b40-b1c8-0c20bb62baab,107501.582275391,2257.23697850576
919,Environmental Corridors,1,1,502ee620-4342-4c6a-9fa3-07f63c9c1b4d,327907.404785156,2500.25810719914
920,Environmental Corridors,1,1,6c17f5e3-d5bf-4c79-a7bd-20c6248f43ea,3157082.98950195,16003.7269855086
921,Environmental Corridors,1,1,c0283665-b59c-494e-ad84-97955647ed06,198855.840820313,2458.21755317278
922,Environmental Corridors,1,1,ca074ac8-5566-4a32-bd4b-ab5a1cc62afa,1227306.14892578,8654.53420133603
923,Environmental Corridors,1,1,f69a482b-8298-4da0-9513-b691ca2ab8bf,13658173.204834,77639.6722985197
924,Environmental Corridors,1,1,5386d2e3-9f9d-4426-8507-e51430730e3d,203620.972412109,3431.4365439647
925,Environmental Corridors,1,1,6f61880f-a3f4-440a-8738-5251814124e4,1231871.80786133,8323.42599457671
926,Environmental Corridors,1,1,db02ac87-77cd-4d8c-8c71-e6453fb3ba50,5651119.92382813,32203.0780161965
927,Environmental Corridors,1,1,5e305331-d44b-4268-a195-532c4d903f44,258220.1171875,4132.86743955737
928,Environmental Corridors,1,1,ac648240-16bf-4436-82eb-38f87f68969d,199006.799316406,2172.5680467087
929,Environmental Corridors,1,1,0dbe82a1-35eb-4e5f-8fda-57c1897635ce,1101897.7199707,10580.366320133
930,Environmental Corridors,1,1,508b46ef-7a22-42f2-90e5-59fa247eff1b,207039.757568359,3085.56174150205
931,Environmental Corridors,1,1,61001dbd-7dcf-4091-8e29-746714c04287,3164312.41064453,13823.3992618586
932,Environmental Corridors,1,1,20693c58-faa5-4547-8cc3-0cff34c89cfe,197423.015136719,2631.43117139128
933,Environmental Corridors,1,1,49a1139b-4556-432a-a152-6f199dda8e14,722490.873046875,5900.0356869942
934,Environmental Corridors,1,1,9feeca35-ae7b-44e8-9768-c2b70d6902db,565399.601074219,5634.06648483891
935,Environmental Corridors,1,1,b9eab19c-7d83-42a0-a0ce-1de395b693eb,504944.531005859,5924.76337652706
936,Environmental Corridors,1,1,616baed3-28b2-48e9-ad5d-99fc28c94beb,312643.314941406,3683.72145499893
937,Environmental Corridors,1,1,0e0a8204-7f49-4adc-bcde-e148dcc75743,623856.347167969,6180.47584033798
938,Environmental Corridors,1,1,5fd8c87c-8acf-45d9-81e8-fdc9fde21188,849892.483154297,6615.04213770595
939,Environmental Corridors,1,1,3ddb0144-4ec2-4110-8bda-3ea6c3576ff4,1931821.4987793,11888.3894447872
940,Environmental Corridors,1,1,84840f29-9483-4f18-a1e1-860468d1c605,191523.996826172,2844.46126859756
941,Environmental Corridors,1,1,015913a0-84f2-4c14-8213-0528665cc733,217687.951660156,2974.39822576883
942,Environmental Corridors,1,1,cc292c1e-a368-47f8-9995-72e43a48fec5,370905.918701172,4433.56650624622
943,Environmental Corridors,1,1,18b1459f-08e0-43d0-a3f5-89867ae5e49c,1266125.75439453,11201.7212383991
944,Environmental Corridors,1,1,ec46aff7-2c78-4b7e-8fc6-aee2a22d2b96,1433304.74316406,9624.94058517979
945,Environmental Corridors,1,1,9e71d164-bdf7-447e-95fb-76d0996d8125,301381.344238281,4539.04819419731
946,Environmental Corridors,1,1,44b737e0-f7c5-4a1d-9e20-e21cbbbdae0c,19982.802734375,578.284759710528
947,Environmental Corridors,1,1,85488beb-465e-4e18-b168-6b65138b59b3,5838.48120117188,412.530428619435
948,Environmental Corridors,1,1,eee3eb24-5b8d-4ce7-8c3f-acc341809c47,3829.34765625,410.300893910443
949,Environmental Corridors,1,1,32ef2dfa-21b9-4b2d-a086-08f58e591e74,51.083740234375,168.4822333187
950,Environmental Corridors,1,1,97470d92-2731-48d8-85b8-26f0c96ec53d,24521.6938476563,761.157154483362
951,Environmental Corridors,1,1,fd2e80e7-4f05-4269-ab63-bcfc0e33350c,722624.714599609,7383.93579258599
952,Environmental Corridors,1,1,e862f3b9-fb68-4787-bf4c-de3ef3f2ca4a,12167.658203125,532.386134115893
953,Environmental Corridors,1,1,d79b786e-2f47-4cf3-be56-0a058797dfaf,7.060791015625,1289.62413725524
954,Environmental Corridors,1,1,b1bf28f4-a5b2-4737-af76-8eb0ffa01064,18977918.0817871,121811.49423751
955,Environmental Corridors,1,1,bc581f2e-fc7c-43a5-8b4b-432b13a6dd4e,0.048828125,1.42224362039462
956,Environmental Corridors,1,1,e4e28066-1281-4a80-89a3-ff84966977f1,41533303.173584,200612.998451778
957,Environmental Corridors,1,1,fa3bb24f-e3ed-42fd-9cc7-7af6d697e9d4,233869002.214355,1191563.44946729
958,Environmental Corridors,1,1,77e5cc9a-63fa-4217-982c-4b244b335944,10800960.8847656,79498.7159758907
959,Environmental Corridors,1,1,36df439c-1609-4cf5-87c2-9d9047f55b36,11446.4831542969,471.884645376355
960,Environmental Corridors,1,1,e329a9bc-5334-4ee3-97e3-5e081b1425da,1118073.51074219,10178.7963857307
961,Environmental Corridors,1,1,9d27f99c-a04c-4c17-8769-55ea91b6f941,215179.313720703,2676.9155281473
962,Environmental Corridors,1,1,f35ad87f-5e35-4a97-a678-0fc536a4a1bd,163528157.155029,617139.147030108
963,Environmental Corridors,1,1,4c592188-26f1-414c-aa58-657f6d4f7aee,940019504.970459,1521335.25813139
964,Environmental Corridors,1,1,32258667-53fe-4c99-8c30-e9d1cc71734e,244213.337158203,3114.0720359062
965,Environmental Corridors,1,1,6c829b1a-ab29-4b5e-92e8-0e1b0120b243,235211.613525391,2851.49393749908
966,Environmental Corridors,1,1,c0405a82-f51e-4b17-b8ef-37f5a3176bdf,5831745.95166016,38317.0682831818
967,Environmental Corridors,1,1,6f99c5eb-d731-4ba9-ac34-30a4652e5b3d,1494745.03320313,10286.6176453285
968,Environmental Corridors,1,1,2040abd0-6c2e-418b-a7bf-b459a003ed2f,13866930.8696289,77163.6395371828
969,Environmental Corridors,1,1,b01654e1-46c6-4701-9bc6-4964d9e4ed12,336223.359130859,2532.50789475536
970,Environmental Corridors,1,1,28530803-4263-48c1-8f2c-805063a70b63,282088.697021484,2702.28214187689
971,Environmental Corridors,1,1,f5106e4f-bfc2-411a-9134-39d56a3d2c06,607043.923583984,5195.15322837234
972,Environmental Corridors,1,1,0c96ca54-ad11-4e81-b935-b4020356b315,588254.111328125,5674.55428323476
973,Environmental Corridors,1,1,55124baf-b7de-436f-a3a3-d429fb62a23e,220538.755859375,2460.56825720694
974,Environmental Corridors,1,1,25ec469b-dfe1-447c-b281-4ee3507326c3,531079.042236328,3728.67973123885
975,Environmental Corridors,1,1,ed9f01d9-a217-4cce-832a-4e4283dbab5a,390622.986083984,4079.08168852737
976,Environmental Corridors,1,1,beeb6d9c-7b31-4d8c-8cd3-dd3485f9ddda,312726.982666016,2955.74752659001
977,Environmental Corridors,1,1,1d6a2859-8c27-40b8-aaef-e622097d1ee3,84343.291015625,2167.85517533511
978,Environmental Corridors,1,1,b6ad92d5-4208-4683-a24a-01f0e09d8d36,231179.292236328,3250.94949746779
979,Environmental Corridors,1,1,5ada4502-2eec-4d61-a505-aab23749df4a,292215.798095703,3277.40513717907
980,Environmental Corridors,1,1,de45d42a-7ba7-46d2-b3e0-81b906de6410,477326.488037109,5017.17035741706
981,Environmental Corridors,1,1,bc6e12e9-0d7e-4c21-b4d9-49356d5892ce,182188.751953125,2408.69993467216
982,Environmental Corridors,1,1,50b8f622-e727-48eb-bcc1-32b7ad3618fa,78889.5244140625,1734.82466366741
983,Environmental Corridors,1,1,2099727c-fdea-4c4a-9c7c-d18cf8e9c123,199443.616943359,2128.78166223038
984,Environmental Corridors,1,1,53faf7a0-fe20-43e3-a75c-d5bf7f8dd926,763655.708007813,7613.91783056934
985,Environmental Corridors,1,1,dff79306-53a0-44cc-bed4-10ebddccae31,384075.536621094,4283.23016987977
986,Environmental Corridors,1,1,f9c20a41-6a5b-452b-a7e0-77c096b24769,311768.020263672,3613.65799050558
987,Environmental Corridors,1,1,6a01cfb7-7ee2-4ccd-be33-59ae6e8a6b58,121612.665039063,1971.41334225372
988,Environmental Corridors,1,1,d623d936-9543-4469-8dc6-4cdb68bca01c,1762001.96899414,15089.9086653729
989,Environmental Corridors,1,1,0d679ffd-60a7-4ca4-b9e7-ce5175cc8bef,12612.5434570313,462.053156830228
990,Environmental Corridors,1,1,aa26318c-4e2e-46e8-b837-eb57b692a2a5,433208115.770752,1281754.84975037
991,Environmental Corridors,1,1,5ed24a3b-648c-40df-afbb-866b043db30e,359564.199462891,3263.81652005602
992,Environmental Corridors,1,1,3a28e4ad-ce95-4881-bfa2-46d721d7932a,943835.175292969,6865.87639213192
993,Environmental Corridors,1,1,90d8291e-4d9e-4799-bbc8-146b83e4598e,565844.240234375,6192.76308081004
994,Environmental Corridors,1,1,25854bb3-064a-4480-8fcf-59f535dd23ef,3818071.90625,16469.6207120423
995,Environmental Corridors,1,1,293d9951-fb12-462e-9e7e-890c099c3a3f,424597.562744141,4413.63141483401
996,Environmental Corridors,1,1,45016cf6-c241-46da-968d-d58ccb66af61,527794.918701172,5024.39288581371
997,Environmental Corridors,1,1,860335a4-3fa6-43ed-849c-7c127c410969,264935.262207031,3087.81113351228
998,Environmental Corridors,1,1,cb433c54-309e-413e-bdc3-3b235e896e16,1475775.57592773,11662.0420736245
999,Environmental Corridors,1,1,89e3e8be-645c-4577-8e29-7412358dff44,557422.228515625,4573.34983097234
1000,Environmental Corridors,1,1,4b0df14e-828d-4633-b5e6-c948a2fc87e6,402620.401123047,3431.1677800557
1001,Environmental Corridors,1,1,f440aed2-cb8a-441c-8a1a-4ef877e7c662,278518.682373047,3549.03196470632
1002,Environmental Corridors,1,1,cc424e46-a1be-415c-9230-1f04ae491fcf,208042.727783203,2407.35429869423
1003,Environmental Corridors,1,1,48fd4d29-6d39-4d76-b15f-3c458405eab7,102685.950439453,1768.96208121678
1004,Environmental Corridors,1,1,13e723d5-7315-4078-b0a7-c1295c4e9cba,254877.911865234,3007.8604845417
1005,Environmental Corridors,1,1,c6e171aa-959a-48a0-84e4-749bc08ef724,660435.141357422,4524.35972389547
1006,Environmental Corridors,1,1,76f3c3a6-71cc-456a-97e2-b123532d2ab3,452385.767578125,3982.30773780642
1007,Environmental Corridors,1,1,5b71ac25-22d4-4368-9341-b3cce02f1b9a,89083.6540527344,1482.83496648944
1008,Environmental Corridors,1,1,290cd372-3ad3-4623-b590-33a8585813b0,1341264.77709961,6361.59999919378
1009,Environmental Corridors,1,1,7255388d-192a-49b7-a26f-50a52d33a88c,240693.403564453,2764.47950801207
1010,Environmental Corridors,1,1,36fa7808-4d9e-4b3f-a6b0-b355817b240b,427832.448730469,5201.60120658617
1011,Environmental Corridors,1,1,4fb36e59-c6ff-4465-977f-cdbd1148c1c6,12169879.2648926,67535.2541099731
1012,Environmental Corridors,1,1,a25ed091-83bf-4909-b1f5-6acb659620f0,59637.5974121094,1312.52416148119
1013,Environmental Corridors,1,1,0d37016b-7313-4399-bede-a367b75081b7,300164.199951172,2936.02728054975
1014,Environmental Corridors,1,1,1d67f097-991c-490a-821c-df58e912ef87,1022379.01708984,8719.88436205774
1015,Environmental Corridors,1,1,4e1748da-6b60-4628-9899-2bb591c8c6ff,315983.655029297,2645.08581335242
1016,Environmental Corridors,1,1,5c1dd50e-40df-4b5c-a1ad-bb9b9fe03ce6,1495935.87988281,11880.8865838196
1017,Environmental Corridors,1,1,e679c629-98bf-4c06-861e-1a1c5652ba07,569405.497802734,4969.67379951613
1018,Environmental Corridors,1,1,79081f99-f27e-42b8-8547-bdcbdbaf6faf,752887.259521484,6419.66080195743
1019,Environmental Corridors,1,1,6a8e7a0f-0465-4c54-8c78-3ee295b0e988,219028.781005859,3182.10662350772
1020,Environmental Corridors,1,1,65daf7a4-6f08-4f55-a036-c38a7089ccb5,605256.672363281,5356.55308693418
1021,Environmental Corridors,1,1,f082c2d8-7475-4a44-bf92-05d4b2f5827d,1117314.01049805,5891.95646916346
1022,Environmental Corridors,1,1,82f7d036-de5e-4d26-89e5-36c3f4fdace6,244874.3125,3809.38766714086
1023,Environmental Corridors,1,1,9e205816-11fb-44ec-b400-7aec11d221f0,379359.557128906,3433.15676433994
1024,Environmental Corridors,1,1,e9108040-af42-4068-9834-e1a6294ba35d,327816.045410156,3081.21754780999
1025,Environmental Corridors,1,1,a759ecaf-d964-42e5-b1c5-741f395c53a2,1421310.18823242,10454.4889515294
1026,Environmental Corridors,1,1,1e01c18d-4f7a-4960-b476-acf14c2712f5,379465.041503906,6194.32349555129
1027,Environmental Corridors,1,1,1017160a-0dbf-4b1c-bbce-9672fe0a7bb2,44057.9091796875,1664.0440587473
1028,Environmental Corridors,1,1,9bf03626-7e31-4499-8552-6a840b393d7f,235775.071533203,2387.44062074398
1029,Environmental Corridors,1,1,d61b8542-a45d-4fbc-b2f6-edb353d199a1,182466.322265625,2133.8515011721
1030,Environmental Corridors,1,1,413d7c51-d34b-4b68-8c3d-1db2bc303204,7827.521484375,375.227790162033
1031,Environmental Corridors,1,1,5252a8c0-ddd7-46b3-9001-3fdc94e3ad21,1598.30224609375,253.693835874126
1032,Environmental Corridors,1,1,28f6752f-a77e-4f8d-a4be-d1793ea0cb4e,242837.277832031,3051.13871403245
1033,Environmental Corridors,1,1,4e9bec07-77bf-4ebc-930d-c5416ac94f63,347274.524414063,3438.96910998562
1034,Environmental Corridors,1,1,59c6fff9-b686-4571-a1c4-fa53d5224bcc,560024.618408203,4219.69298521466
1035,Environmental Corridors,1,1,8686f3c0-9661-4be5-bcc3-028a1b46790f,502832.75390625,5529.66902625883
1036,Environmental Corridors,1,1,2645b277-8fce-4b97-9139-9789d2d8e2a5,998090.182617188,7475.15660321267
1037,Environmental Corridors,1,1,e8f4fa1c-5a72-43b5-b23f-818ec45fa8a4,239981.500976563,2332.31680037261
1038,Environmental Corridors,1,1,7177e4ad-4bfb-4e07-83d0-7506304d19a6,506353.338378906,4040.72911152776
1039,Environmental Corridors,1,1,b3dd113e-5ae6-4624-803b-c89cb5b9bb7d,398935.836669922,4657.42153939186
1040,Environmental Corridors,1,1,ded0d179-9036-4ab8-a1cc-a082c9bbf91f,216075.552978516,2153.4364873578
1041,Environmental Corridors,1,1,5092d1e2-887a-4fac-8996-68fdbfe427b4,27777.3920898438,1074.44302744022
1042,Environmental Corridors,1,1,a225c58e-8ab1-4e72-b677-239112d7ea79,167259.713134766,1715.8898087173
1043,Environmental Corridors,1,1,c1ea23e2-81da-4a7c-b895-c060637e48f8,84972.9226074219,1266.55122889037
1044,Environmental Corridors,1,1,597ecc84-c2ee-42b7-87e0-bc238f7548c4,700587.236572266,7081.81596948871
1045,Environmental Corridors,1,1,f45a57de-b090-45fb-ae9c-e9ea55f414de,1513927.46972656,9361.31995953877
1046,Environmental Corridors,1,1,7c3fe572-37f7-432a-a941-23337f2b6d2a,198160.777099609,2692.12598562228
1047,Environmental Corridors,1,1,1239c821-81f0-4dd6-a0d9-06701baf6c03,4493.34936523438,369.69335048452
1048,Environmental Corridors,1,1,83032d70-10a2-4d2d-ba15-fb90b853c94d,8897667.54199219,35664.0779536919
1049,Environmental Corridors,1,1,33462fe3-cdba-4b4a-be3c-16ea014cff46,2122258.87524414,16999.107662136
1050,Environmental Corridors,1,1,816b3aaa-1dc5-4945-8330-b93fd6f36cf9,818754.114257813,6507.01259241415
1051,Environmental Corridors,1,1,20732844-284e-4150-8c0f-fde87d31471f,184401.341796875,3259.35808984901
1052,Environmental Corridors,1,1,20741716-b4aa-4e5b-b9c1-095c3b2536ce,221657.047851563,2128.18701034859
1053,Environmental Corridors,1,1,2562b016-21b7-475e-82bd-2698bb223af2,190272.168701172,1999.13348658471
1054,Environmental Corridors,1,1,73777893-c785-4420-8c54-7301672409c7,7070.072265625,449.784698380115
1055,Environmental Corridors,1,1,5922e8e5-2666-4052-8762-98de132e24a8,158014.022216797,1989.24440372335
1056,Environmental Corridors,1,1,1ef00ebd-21d3-4f57-9f69-0c831b21ce24,311345.483154297,3829.05803118865
1057,River Freight,1,1,2a4ffe54-686c-46f5-847e-0af0ed905a27,253991107.880371,88174.8655532634
1058,River Freight,1,1,d71cf181-7f8a-4796-8e77-4edf28e68498,411980664.515137,176464.877853392
